SET time_zone = '+00:00';

INSERT INTO `customer_group` (`customer_group_id`, `customer_group_name`, `customer_is_default`, `customer_group_created_by`, `customer_group_created_at`, `customer_group_updated_by`, `customer_group_updated_at`) VALUES
(1,	'Group ALL',	1,	1,	NOW(),	1,	NOW());

INSERT INTO `currency` (`currency_id`, `currency_code`, `currency_name`, `currency_created_by`, `currency_created_at`, `currency_updated_by`, `currency_updated_at`, `currency_rate`) VALUES
(2,	'GBP',	'GBP',	1,	NOW(),	1,	NOW(),	1.0000000000),
(3,	'BTC',	'Bitcoin',	1,	NOW(),	1,	NOW(),	1.0000000000);

INSERT INTO `gateway` (`gateway_id`, `gateway_payment_option`, `gateway_currency_id`, `gateway_name`, `gateway_balance`, `gateway_is_active`, `gateway_created_by`, `gateway_created_at`, `gateway_updated_by`, `gateway_updated_at`, `gateway_details`, `gateway_levels`) VALUES
(1,	'NETELLER',	1,	'NT-MAIN 2',	0.0000000000,	1,	1,	NOW(),	1,	NOW(),	'{\"url\": \"https://member.neteller.com/session/index\", \"bank\": {\"name\": \"\", \"holder\": \"\", \"account\": \"\"}, \"config\": {\"bankName\": null, \"bankHolder\": null, \"bankAccount\": null}, \"details\": \"euromaster888@yahoo.com\", \"methods\": {\"deposit\": {\"type\": \"deposit\", \"equation\": \"+(a-b)\", \"variables\": [{\"var\": \"a\", \"value\": \"total_amount\"}, {\"var\": \"b\", \"value\": \"company_fee\"}]}, \"withdraw\": {\"type\": \"withdraw\", \"equation\": \"-(a+b)\", \"variables\": [{\"var\": \"a\", \"value\": \"customer_amount\"}, {\"var\": \"b\", \"value\": \"company_fee\"}]}}}',	'[]'),
(2,	'NETELLER',	1,	'NT-TURKISH',	0.0000000000,	1,	1,	NOW(),	1,	NOW(),	'{\"url\": \"https://member.neteller.com/session/index\", \"bank\": {\"name\": \"\", \"holder\": \"\", \"account\": \"\"}, \"config\": {\"bankName\": null, \"bankHolder\": null, \"bankAccount\": null}, \"details\": \"euromaster88@yahoo.com\", \"methods\": {\"deposit\": {\"type\": \"deposit\", \"equation\": \"+(a-b)\", \"variables\": [{\"var\": \"a\", \"value\": \"total_amount\"}, {\"var\": \"b\", \"value\": \"company_fee\"}]}, \"withdraw\": {\"type\": \"withdraw\", \"equation\": \"-(a+b)\", \"variables\": [{\"var\": \"a\", \"value\": \"customer_amount\"}, {\"var\": \"b\", \"value\": \"company_fee\"}]}}}',	'[]'),
(3,	'NETELLER',	1,	'NT-MAIN',	0.0000000000,	1,	1,	NOW(),	1,	NOW(),	'{\"url\": \"https://member.neteller.com/session/index\", \"bank\": {\"name\": \"\", \"holder\": \"\", \"account\": \"\"}, \"details\": \"masterdnipro@yahoo.com\", \"methods\": {\"deposit\": {\"type\": \"deposit\", \"equation\": \"+(a-b)\", \"variables\": [{\"var\": \"a\", \"value\": \"total_amount\"}, {\"var\": \"b\", \"value\": \"company_fee\"}]}, \"withdraw\": {\"type\": \"withdraw\", \"equation\": \"-(a+b)\", \"variables\": [{\"var\": \"a\", \"value\": \"customer_amount\"}, {\"var\": \"b\", \"value\": \"company_fee\"}]}}}',	'[]'),
(4,	'NETELLER',	2,	'NT-MAIN',	0.0000000000,	1,	1,	NOW(),	1,	NOW(),	'{\"url\": \"https://member.neteller.com/session/index\", \"bank\": {\"name\": \"\", \"holder\": \"\", \"account\": \"\"}, \"details\": \"utkagbp2@yahoo.com\", \"methods\": {\"deposit\": {\"type\": \"deposit\", \"equation\": \"+(a-b)\", \"variables\": [{\"var\": \"a\", \"value\": \"total_amount\"}, {\"var\": \"b\", \"value\": \"company_fee\"}]}, \"withdraw\": {\"type\": \"withdraw\", \"equation\": \"-(a+b)\", \"variables\": [{\"var\": \"a\", \"value\": \"customer_amount\"}, {\"var\": \"b\", \"value\": \"company_fee\"}]}}}',	'[]'),
(5,	'SKRILL',	1,	'MB-TURKISH',	0.0000000000,	1,	1,	NOW(),	1,	NOW(),	'{\"url\": \"https://account.skrill.com/login?locale=en\", \"bank\": {\"name\": \"\", \"holder\": \"\", \"account\": \"\"}, \"details\": null, \"methods\": {\"deposit\": {\"type\": \"deposit\", \"equation\": \"+(a-b)\", \"variables\": [{\"var\": \"a\", \"value\": \"total_amount\"}, {\"var\": \"b\", \"value\": \"company_fee\"}]}, \"withdraw\": {\"type\": \"withdraw\", \"equation\": \"-(a+b)\", \"variables\": [{\"var\": \"a\", \"value\": \"customer_amount\"}, {\"var\": \"b\", \"value\": \"company_fee\"}]}}}',	'[]'),
(6,	'NETELLER',	2,	'NT-MAIN 2',	0.0000000000,	1,	1,	NOW(),	1,	NOW(),	'{\"url\": \"https://member.neteller.com/session/index\", \"bank\": {\"name\": \"\", \"holder\": \"\", \"account\": \"\"}, \"details\": \"martinjanzo@yahoo.com\", \"methods\": {\"deposit\": {\"type\": \"deposit\", \"equation\": \"+(a-b)\", \"variables\": [{\"var\": \"a\", \"value\": \"total_amount\"}, {\"var\": \"b\", \"value\": \"company_fee\"}]}, \"withdraw\": {\"type\": \"withdraw\", \"equation\": \"-(a+b)\", \"variables\": [{\"var\": \"a\", \"value\": \"customer_amount\"}, {\"var\": \"b\", \"value\": \"company_fee\"}]}}}',	'[]'),
(7,	'SKRILL',	1,	'MB-PERSONAL',	0.0000000000,	1,	1,	NOW(),	1,	NOW(),	'{\"url\": \"https://account.skrill.com/login?locale=en\", \"bank\": {\"name\": \"\", \"holder\": \"\", \"account\": \"\"}, \"details\": \"noshea144@gmail.com\", \"methods\": {\"deposit\": {\"type\": \"deposit\", \"equation\": \"+(a-b)\", \"variables\": [{\"var\": \"a\", \"value\": \"total_amount\"}, {\"var\": \"b\", \"value\": \"company_fee\"}]}, \"withdraw\": {\"type\": \"withdraw\", \"equation\": \"-(a+b)\", \"variables\": [{\"var\": \"a\", \"value\": \"customer_amount\"}, {\"var\": \"b\", \"value\": \"company_fee\"}]}}}',	'[]'),
(8,	'SKRILL',	1,	'MB-PERSONAL 2',	0.0000000000,	0,	1,	NOW(),	1,	NOW(),	'{\"url\": \"https://account.skrill.com/login?locale=en\", \"bank\": {\"name\": \"\", \"holder\": \"\", \"account\": \"\"}, \"details\": \"rossjeuro@gmail.com\", \"methods\": {\"deposit\": {\"type\": \"deposit\", \"equation\": \"+(a-b)\", \"variables\": [{\"var\": \"a\", \"value\": \"total_amount\"}, {\"var\": \"b\", \"value\": \"company_fee\"}]}, \"withdraw\": {\"type\": \"withdraw\", \"equation\": \"-(a+b)\", \"variables\": [{\"var\": \"a\", \"value\": \"customer_amount\"}, {\"var\": \"b\", \"value\": \"company_fee\"}]}}}',	'[]'),
(9,	'SKRILL',	1,	'MB-MERCHANT',	0.0000000000,	1,	1,	NOW(),	1,	NOW(),	'{\"url\": \"https://account.skrill.com/login?locale=en\", \"bank\": {\"name\": \"\", \"holder\": \"\", \"account\": \"\"}, \"details\": \"payments@asianconnect88.com\", \"methods\": {\"deposit\": {\"type\": \"deposit\", \"equation\": \"+(a-b)\", \"variables\": [{\"var\": \"a\", \"value\": \"total_amount\"}, {\"var\": \"b\", \"value\": \"company_fee\"}]}, \"withdraw\": {\"type\": \"withdraw\", \"equation\": \"-(a+b)\", \"variables\": [{\"var\": \"a\", \"value\": \"customer_amount\"}, {\"var\": \"b\", \"value\": \"company_fee\"}]}}}',	'[]'),
(10,	'BANK',	1,	'GERMAN BANK',	0.0000000000,	1,	1,	NOW(),	1,	NOW(),	'{\"url\": \"https://ebanking.wirecardbank.com/fb4wirecardbank/loginStart.do\", \"bank\": {\"name\": \"\", \"holder\": \"\", \"account\": \"\"}, \"details\": \"DE14512308000000053815\", \"methods\": {\"deposit\": {\"type\": \"deposit\", \"equation\": \"+(a-b)\", \"variables\": [{\"var\": \"a\", \"value\": \"total_amount\"}, {\"var\": \"b\", \"value\": \"company_fee\"}]}, \"withdraw\": {\"type\": \"withdraw\", \"equation\": \"-(a+b)\", \"variables\": [{\"var\": \"a\", \"value\": \"customer_amount\"}, {\"var\": \"b\", \"value\": \"company_fee\"}]}}}',	'[]'),
(11,	'BANK',	1,	'MALTA BANK',	0.0000000000,	1,	1,	NOW(),	1,	NOW(),	'{\"url\": \"BOv.com\", \"bank\": {\"name\": \"\", \"holder\": \"\", \"account\": \"\"}, \"details\": \"MT62VALL22013000000040021472949\", \"methods\": {\"deposit\": {\"type\": \"deposit\", \"equation\": \"+(a-b)\", \"variables\": [{\"var\": \"a\", \"value\": \"total_amount\"}, {\"var\": \"b\", \"value\": \"company_fee\"}]}, \"withdraw\": {\"type\": \"withdraw\", \"equation\": \"-(a+b)\", \"variables\": [{\"var\": \"a\", \"value\": \"customer_amount\"}, {\"var\": \"b\", \"value\": \"company_fee\"}]}}}',	'[]'),
(12,	'ECOPAYZ',	1,	'ECOPAYZ',	0.0000000000,	1,	1,	NOW(),	1,	NOW(),	'{\"url\": \"https://secure.ecopayz.com/loginbusiness.aspx\", \"bank\": {\"name\": \"\", \"holder\": \"\", \"account\": \"\"}, \"config\": {\"merchantId\": 1937, \"merchantPassword\": \"BdHMqbG3Q6wU\", \"merchantAccountNumber\": 110607}, \"details\": \"wwwasianconnect88com\", \"methods\": {\"deposit\": {\"type\": \"deposit\", \"equation\": \"+(a-b-c)\", \"variables\": [{\"var\": \"a\", \"value\": \"total_amount\"}, {\"var\": \"b\", \"value\": \"company_fee\"}, {\"var\": \"c\", \"value\": \"customer_fee\"}]}, \"withdraw\": {\"type\": \"withdraw\", \"equation\": \"-(a+b)\", \"variables\": [{\"var\": \"a\", \"value\": \"customer_amount\"}, {\"var\": \"b\", \"value\": \"company_fee\"}]}}}',	'[]'),
(13,	'SKRILL',	1,	'MB-PERSONAL 3',	0.0000000000,	0,	1,	NOW(),	1,	NOW(),	'{\"url\": \"https://account.skrill.com/login?locale=en\", \"bank\": {\"name\": \"\", \"holder\": \"\", \"account\": \"\"}, \"details\": \"wareagleeaglewar@gmail.com\", \"methods\": {\"deposit\": {\"type\": \"deposit\", \"equation\": \"+(a-b)\", \"variables\": [{\"var\": \"a\", \"value\": \"total_amount\"}, {\"var\": \"b\", \"value\": \"company_fee\"}]}, \"withdraw\": {\"type\": \"withdraw\", \"equation\": \"-(a+b)\", \"variables\": [{\"var\": \"a\", \"value\": \"customer_amount\"}, {\"var\": \"b\", \"value\": \"company_fee\"}]}}}',	'[]'),
(14,	'SKRILL',	1,	'MB-PERSONAL 4',	0.0000000000,	0,	1,	NOW(),	1,	NOW(),	'{\"url\": \"https://account.skrill.com/login?locale=en\", \"bank\": {\"name\": \"\", \"holder\": \"\", \"account\": \"\"}, \"details\": \"thegunmangbp@gmail.com\", \"methods\": {\"deposit\": {\"type\": \"deposit\", \"equation\": \"+(a-b)\", \"variables\": [{\"var\": \"a\", \"value\": \"total_amount\"}, {\"var\": \"b\", \"value\": \"company_fee\"}]}, \"withdraw\": {\"type\": \"withdraw\", \"equation\": \"-(a+b)\", \"variables\": [{\"var\": \"a\", \"value\": \"customer_amount\"}, {\"var\": \"b\", \"value\": \"company_fee\"}]}}}',	'[]'),
(15,	'SKRILL',	2,	'MB-PERSONAL',	0.0000000000,	0,	1,	NOW(),	1,	NOW(),	'{\"url\": \"https://account.skrill.com/login?locale=en\", \"bank\": {\"name\": \"\", \"holder\": \"\", \"account\": \"\"}, \"details\": \"noshea43@gmail.com\", \"methods\": {\"deposit\": {\"type\": \"deposit\", \"equation\": \"+(a-b)\", \"variables\": [{\"var\": \"a\", \"value\": \"total_amount\"}, {\"var\": \"b\", \"value\": \"company_fee\"}]}, \"withdraw\": {\"type\": \"withdraw\", \"equation\": \"-(a+b)\", \"variables\": [{\"var\": \"a\", \"value\": \"customer_amount\"}, {\"var\": \"b\", \"value\": \"company_fee\"}]}}}',	'[]'),
(16,	'SKRILL',	2,	'MB-PERSONAL 2',	0.0000000000,	1,	1,	NOW(),	1,	NOW(),	'{\"url\": \"https://account.skrill.com/login?locale=en\", \"bank\": {\"name\": \"\", \"holder\": \"\", \"account\": \"\"}, \"details\": \"thegunmangbp@gmail.com\", \"methods\": {\"deposit\": {\"type\": \"deposit\", \"equation\": \"+(a-b)\", \"variables\": [{\"var\": \"a\", \"value\": \"total_amount\"}, {\"var\": \"b\", \"value\": \"company_fee\"}]}, \"withdraw\": {\"type\": \"withdraw\", \"equation\": \"-(a+b)\", \"variables\": [{\"var\": \"a\", \"value\": \"customer_amount\"}, {\"var\": \"b\", \"value\": \"company_fee\"}]}}}',	'[]'),
(17,	'SKRILL',	2,	'MB-PERSONAL 3',	0.0000000000,	0,	1,	NOW(),	1,	NOW(),	'{\"url\": \"https://account.skrill.com/login?locale=en\", \"bank\": {\"name\": \"\", \"holder\": \"\", \"account\": \"\"}, \"details\": \"kierj818@gmail.com\", \"methods\": {\"deposit\": {\"type\": \"deposit\", \"equation\": \"+(a-b)\", \"variables\": [{\"var\": \"a\", \"value\": \"total_amount\"}, {\"var\": \"b\", \"value\": \"company_fee\"}]}, \"withdraw\": {\"type\": \"withdraw\", \"equation\": \"-(a+b)\", \"variables\": [{\"var\": \"a\", \"value\": \"customer_amount\"}, {\"var\": \"b\", \"value\": \"company_fee\"}]}}}',	'[]'),
(18,	'SKRILL',	2,	'MB-MERCHANT',	0.0000000000,	1,	1,	NOW(),	1,	NOW(),	'{\"url\": \"https://account.skrill.com/login?locale=en\", \"bank\": {\"name\": \"\", \"holder\": \"\", \"account\": \"\"}, \"details\": \"gbpmb@asianconnect88.com\", \"methods\": {\"deposit\": {\"type\": \"deposit\", \"equation\": \"+(a-b)\", \"variables\": [{\"var\": \"a\", \"value\": \"total_amount\"}, {\"var\": \"b\", \"value\": \"company_fee\"}]}, \"withdraw\": {\"type\": \"withdraw\", \"equation\": \"-(a+b)\", \"variables\": [{\"var\": \"a\", \"value\": \"customer_amount\"}, {\"var\": \"b\", \"value\": \"company_fee\"}]}}}',	'[]'),
(19,	'BANK',	2,	'GERMAN BANK',	0.0000000000,	1,	1,	NOW(),	1,	NOW(),	'{\"url\": \"https://ebanking.wirecardbank.com/fb4wirecardbank/loginStart.do\", \"bank\": {\"name\": \"\", \"holder\": \"\", \"account\": \"\"}, \"details\": \"DE84512308000000053816\", \"methods\": {\"deposit\": {\"type\": \"deposit\", \"equation\": \"+(a-b)\", \"variables\": [{\"var\": \"a\", \"value\": \"total_amount\"}, {\"var\": \"b\", \"value\": \"company_fee\"}]}, \"withdraw\": {\"type\": \"withdraw\", \"equation\": \"-(a+b)\", \"variables\": [{\"var\": \"a\", \"value\": \"customer_amount\"}, {\"var\": \"b\", \"value\": \"company_fee\"}]}}}',	'[]'),
(20,	'BANK',	2,	'MALTA BANK',	0.0000000000,	0,	1,	NOW(),	1,	NOW(),	'{\"url\": \"BOv.com\", \"bank\": {\"name\": \"\", \"holder\": \"\", \"account\": \"\"}, \"details\": \"MT78VALL22013000000040021472952\", \"methods\": {\"deposit\": {\"type\": \"deposit\", \"equation\": \"+(a-b)\", \"variables\": [{\"var\": \"a\", \"value\": \"total_amount\"}, {\"var\": \"b\", \"value\": \"company_fee\"}]}, \"withdraw\": {\"type\": \"withdraw\", \"equation\": \"-(a+b)\", \"variables\": [{\"var\": \"a\", \"value\": \"customer_amount\"}, {\"var\": \"b\", \"value\": \"company_fee\"}]}}}',	'[]'),
(21,	'ECOPAYZ',	2,	'ECOPAYZ',	0.0000000000,	1,	1,	NOW(),	1,	NOW(),	'{\"url\": \"https://secure.ecopayz.com/loginbusiness.aspx\", \"bank\": {\"name\": \"\", \"holder\": \"\", \"account\": \"\"}, \"config\": {\"merchantId\": 1937, \"merchantPassword\": \"BdHMqbG3Q6wU\", \"merchantAccountNumber\": 110608}, \"details\": \"wwwasianconnect88com\", \"methods\": {\"deposit\": {\"type\": \"deposit\", \"equation\": \"+(a-b-c)\", \"variables\": [{\"var\": \"a\", \"value\": \"total_amount\"}, {\"var\": \"b\", \"value\": \"customer_fee\"}, {\"var\": \"c\", \"value\": \"company_fee\"}]}, \"withdraw\": {\"type\": \"withdraw\", \"equation\": \"-(a+b)\", \"variables\": [{\"var\": \"a\", \"value\": \"customer_amount\"}, {\"var\": \"b\", \"value\": \"company_fee\"}]}}}',	'[]'),
(22,	NULL,	1,	'BONUS',	0.0000000000,	1,	1,	NOW(),	1,	NOW(),	'{\"url\": \"www.asianconnect88.com\", \"bank\": {\"name\": \"\", \"holder\": \"\", \"account\": \"\"}, \"details\": \"For all Bonus transaction\", \"methods\": {\"deposit\": {\"type\": \"deposit\", \"equation\": \"+(a-b)\", \"variables\": [{\"var\": \"a\", \"value\": \"total_amount\"}, {\"var\": \"b\", \"value\": \"company_fee\"}]}, \"withdraw\": {\"type\": \"withdraw\", \"equation\": \"-(a-b)\", \"variables\": [{\"var\": \"a\", \"value\": \"total_amount\"}, {\"var\": \"b\", \"value\": \"company_fee\"}]}}}',	'[]'),
(23,	NULL,	1,	'COMMISSION',	0.0000000000,	1,	1,	NOW(),	1,	NOW(),	'{\"url\": \"www.asianconnect88.com\", \"bank\": {\"name\": \"\", \"holder\": \"\", \"account\": \"\"}, \"details\": \"www.asianconnect88.com\", \"methods\": {\"deposit\": {\"type\": \"deposit\", \"equation\": \"+(a-b)\", \"variables\": [{\"var\": \"a\", \"value\": \"total_amount\"}, {\"var\": \"b\", \"value\": \"company_fee\"}]}, \"withdraw\": {\"type\": \"withdraw\", \"equation\": \"-(a-b)\", \"variables\": [{\"var\": \"a\", \"value\": \"total_amount\"}, {\"var\": \"b\", \"value\": \"company_fee\"}]}}}',	'[]'),
(24,	NULL,	2,	'COMMISSION',	0.0000000000,	1,	1,	NOW(),	1,	NOW(),	'{\"url\": \"www.asianconnect88.com\", \"bank\": {\"name\": \"\", \"holder\": \"\", \"account\": \"\"}, \"details\": \"www.asianconnect88.com\", \"methods\": {\"deposit\": {\"type\": \"deposit\", \"equation\": \"+(a-b)\", \"variables\": [{\"var\": \"a\", \"value\": \"total_amount\"}, {\"var\": \"b\", \"value\": \"company_fee\"}]}, \"withdraw\": {\"type\": \"withdraw\", \"equation\": \"-(a-b)\", \"variables\": [{\"var\": \"a\", \"value\": \"total_amount\"}, {\"var\": \"b\", \"value\": \"company_fee\"}]}}}',	'[]'),
(25,	'BANK',	1,	'GERMAN BANK 2',	0.0000000000,	1,	1,	NOW(),	1,	NOW(),	'{\"url\": \"https://ebanking.wirecardbank.com/fb4wirecardbank/loginStart.do\", \"bank\": {\"name\": \"\", \"holder\": \"\", \"account\": \"\"}, \"details\": \"DE54512308000000066675\", \"methods\": {\"deposit\": {\"type\": \"deposit\", \"equation\": \"+(a-b)\", \"variables\": [{\"var\": \"a\", \"value\": \"total_amount\"}, {\"var\": \"b\", \"value\": \"company_fee\"}]}, \"withdraw\": {\"type\": \"withdraw\", \"equation\": \"-(a+b)\", \"variables\": [{\"var\": \"a\", \"value\": \"customer_amount\"}, {\"var\": \"b\", \"value\": \"company_fee\"}]}}}',	'[]'),
(26,	NULL,	2,	'GERMAN BANK 2',	0.0000000000,	1,	1,	NOW(),	1,	NOW(),	'{\"url\": \"https://ebanking.wirecardbank.com/fb4wirecardbank/loginStart.do\", \"bank\": {\"name\": \"\", \"holder\": \"\", \"account\": \"\"}, \"details\": \"DE54512308000000066675\", \"methods\": {\"deposit\": {\"type\": \"deposit\", \"equation\": \"+(a-b)\", \"variables\": [{\"var\": \"a\", \"value\": \"total_amount\"}, {\"var\": \"b\", \"value\": \"company_fee\"}]}, \"withdraw\": {\"type\": \"withdraw\", \"equation\": \"-(a+b)\", \"variables\": [{\"var\": \"a\", \"value\": \"customer_amount\"}, {\"var\": \"b\", \"value\": \"company_fee\"}]}}}',	'[]'),
(27,	'SKRILL',	2,	'MB-TURKISH',	0.0000000000,	1,	1,	NOW(),	1,	NOW(),	'{\"url\": \"https://account.skrill.com\", \"bank\": {\"name\": \"\", \"holder\": \"\", \"account\": \"\"}, \"details\": \"martinjanzo@yahoo.com\", \"methods\": {\"deposit\": {\"type\": \"deposit\", \"equation\": \"+(a-b)\", \"variables\": [{\"var\": \"a\", \"value\": \"total_amount\"}, {\"var\": \"b\", \"value\": \"company_fee\"}]}, \"withdraw\": {\"type\": \"withdraw\", \"equation\": \"-(a+b)\", \"variables\": [{\"var\": \"a\", \"value\": \"customer_amount\"}, {\"var\": \"b\", \"value\": \"company_fee\"}]}}}',	'[]'),
(28,	'BITCOIN',	1,	'KRAKEN',	0.0000000000,	1,	1,	NOW(),	1,	NOW(),	'{\"url\": \"https://www.kraken.com\", \"bank\": {\"name\": \"\", \"holder\": \"\", \"account\": \"\"}, \"details\": \"zhiming1\", \"methods\": {\"deposit\": {\"type\": \"deposit\", \"equation\": \"+(a-b)\", \"variables\": [{\"var\": \"a\", \"value\": \"total_amount\"}, {\"var\": \"b\", \"value\": \"company_fee\"}]}, \"withdraw\": {\"type\": \"withdraw\", \"equation\": \"-(a+b)\", \"variables\": [{\"var\": \"a\", \"value\": \"customer_amount\"}, {\"var\": \"b\", \"value\": \"company_fee\"}]}}}',	'[]'),
(29,	'NETELLER',	1,	'Testing NT',	0.0000000000,	1,	1,	NOW(),	1,	NOW(),	'{\"url\": \"TestingGateway\", \"bank\": {\"name\": \"\", \"holder\": \"\", \"account\": \"\"}, \"config\": {\"bankName\": null, \"bankHolder\": null, \"bankAccount\": null}, \"details\": null, \"methods\": {\"deposit\": {\"type\": \"deposit\", \"equation\": \"+(a-b)\", \"variables\": [{\"var\": \"a\", \"value\": \"total_amount\"}, {\"var\": \"b\", \"value\": \"customer_fee\"}]}, \"withdraw\": {\"type\": \"withdraw\", \"equation\": \"-(a-b)\", \"variables\": [{\"var\": \"a\", \"value\": \"total_amount\"}, {\"var\": \"b\", \"value\": \"company_fee\"}]}}}',	'[]'),
(30,	'NETELLER',	2,	'Testing NT',	0.0000000000,	1,	1,	NOW(),	1,	NOW(),	'{\"url\": \"TestingGateway\", \"bank\": {\"name\": \"\", \"holder\": \"\", \"account\": \"\"}, \"config\": {\"bankName\": null, \"bankHolder\": null, \"bankAccount\": null}, \"details\": null, \"methods\": {\"deposit\": {\"type\": \"deposit\", \"equation\": \"+(a-b)\", \"variables\": [{\"var\": \"a\", \"value\": \"total_amount\"}, {\"var\": \"b\", \"value\": \"customer_fee\"}]}, \"withdraw\": {\"type\": \"withdraw\", \"equation\": \"-(a-b)\", \"variables\": [{\"var\": \"a\", \"value\": \"total_amount\"}, {\"var\": \"b\", \"value\": \"company_fee\"}]}}}',	'[]'),
(31,	'NETELLER',	2,	'NT-TURKISH',	0.0000000000,	0,	1,	NOW(),	1,	NOW(),	'{\"url\": \"https://member.neteller.com/\", \"bank\": {\"name\": \"\", \"holder\": \"\", \"account\": \"\"}, \"details\": \"martinjanzo@yahoo.com\", \"methods\": {\"deposit\": {\"type\": \"deposit\", \"equation\": \"+(a-b)\", \"variables\": [{\"var\": \"a\", \"value\": \"total_amount\"}, {\"var\": \"b\", \"value\": \"company_fee\"}]}, \"withdraw\": {\"type\": \"withdraw\", \"equation\": \"-(a+b)\", \"variables\": [{\"var\": \"a\", \"value\": \"customer_amount\"}, {\"var\": \"b\", \"value\": \"company_fee\"}]}}}',	'[]'),
(32,	'SKRILL',	1,	'Testing MB',	0.0000000000,	1,	1,	NOW(),	1,	NOW(),	'{\"url\": \"testingBITCOIN@test.com\", \"bank\": {\"name\": \"\", \"holder\": \"\", \"account\": \"\"}, \"config\": {\"bankName\": null, \"bankHolder\": null, \"bankAccount\": null}, \"details\": null, \"methods\": {\"deposit\": {\"type\": \"deposit\", \"equation\": \"+(a-b)\", \"variables\": [{\"var\": \"a\", \"value\": \"total_amount\"}, {\"var\": \"b\", \"value\": \"customer_fee\"}]}, \"withdraw\": {\"type\": \"withdraw\", \"equation\": \"-(a-b)\", \"variables\": [{\"var\": \"a\", \"value\": \"total_amount\"}, {\"var\": \"b\", \"value\": \"company_fee\"}]}}}',	'[]'),
(33,	'NETELLER',	1,	'NT-MERCHANT',	0.0000000000,	1,	1,	NOW(),	1,	NOW(),	'{\"url\": \"https://merchant.neteller.com/merchflux/public/index\", \"bank\": {\"name\": \"\", \"holder\": \"\", \"account\": \"\"}, \"details\": \"support@asianconnect88.com\", \"methods\": {\"deposit\": {\"type\": \"deposit\", \"equation\": \"+(a-b)\", \"variables\": [{\"var\": \"a\", \"value\": \"total_amount\"}, {\"var\": \"b\", \"value\": \"company_fee\"}]}, \"withdraw\": {\"type\": \"withdraw\", \"equation\": \"-(a+b)\", \"variables\": [{\"var\": \"a\", \"value\": \"customer_amount\"}, {\"var\": \"b\", \"value\": \"company_fee\"}]}}}',	'[]'),
(34,	'NETELLER',	2,	'NT-MERCHANT',	0.0000000000,	1,	1,	NOW(),	1,	NOW(),	'{\"url\": \"https://merchant.neteller.com/merchflux/public/index\", \"bank\": {\"name\": \"\", \"holder\": \"\", \"account\": \"\"}, \"details\": \"support@asianconnect88.com\", \"methods\": {\"deposit\": {\"type\": \"deposit\", \"equation\": \"+(a-b)\", \"variables\": [{\"var\": \"a\", \"value\": \"total_amount\"}, {\"var\": \"b\", \"value\": \"company_fee\"}]}, \"withdraw\": {\"type\": \"withdraw\", \"equation\": \"-(a+b)\", \"variables\": [{\"var\": \"a\", \"value\": \"customer_amount\"}, {\"var\": \"b\", \"value\": \"company_fee\"}]}}}',	'[]'),
(35,	'SKRILL',	2,	'Testing MB',	0.0000000000,	1,	1,	NOW(),	1,	NOW(),	'{\"url\": \"testasianconnect.com\", \"bank\": {\"name\": \"\", \"holder\": \"\", \"account\": \"\"}, \"config\": {\"bankName\": null, \"bankHolder\": null, \"bankAccount\": null}, \"details\": \"test\", \"methods\": {\"deposit\": {\"type\": \"deposit\", \"equation\": \"+(a-b)\", \"variables\": [{\"var\": \"a\", \"value\": \"total_amount\"}, {\"var\": \"b\", \"value\": \"company_fee\"}]}, \"withdraw\": {\"type\": \"withdraw\", \"equation\": \"-(a+b)\", \"variables\": [{\"var\": \"a\", \"value\": \"total_amount\"}, {\"var\": \"b\", \"value\": \"company_fee\"}]}}}',	'[]'),
(36,	'BANK',	1,	'Paysera',	0.0000000000,	1,	1,	NOW(),	1,	NOW(),	'{\"url\": \"https://bank.paysera.com/en/login\", \"bank\": {\"name\": \"\", \"holder\": \"\", \"account\": \"\"}, \"details\": \"zm@asianconnect88.com\", \"methods\": {\"deposit\": {\"type\": \"deposit\", \"equation\": \"+(a-b)\", \"variables\": [{\"var\": \"a\", \"value\": \"total_amount\"}, {\"var\": \"b\", \"value\": \"company_fee\"}]}, \"withdraw\": {\"type\": \"withdraw\", \"equation\": \"-(a+b)\", \"variables\": [{\"var\": \"a\", \"value\": \"customer_amount\"}, {\"var\": \"b\", \"value\": \"company_fee\"}]}}}',	'[]'),
(37,	'BANK',	1,	'Testing ECO',	0.0000000000,	1,	1,	NOW(),	1,	NOW(),	'{\"url\": \"test\", \"bank\": {\"name\": \"\", \"holder\": \"\", \"account\": \"\"}, \"config\": {\"bankName\": null, \"bankHolder\": null, \"merchantId\": null, \"bankAccount\": null, \"merchantPassword\": null, \"merchantAccountNumber\": null}, \"details\": \"test111\", \"methods\": {\"deposit\": {\"type\": \"deposit\", \"equation\": \"+(a-b)\", \"variables\": [{\"var\": \"a\", \"value\": \"total_amount\"}, {\"var\": \"b\", \"value\": \"company_fee\"}]}, \"withdraw\": {\"type\": \"withdraw\", \"equation\": \"-(a+b)\", \"variables\": [{\"var\": \"a\", \"value\": \"total_amount\"}, {\"var\": \"b\", \"value\": \"company_fee\"}]}}}',	'[]'),
(38,	'BANK',	2,	'Testing ECO',	0.0000000000,	1,	1,	NOW(),	1,	NOW(),	'{\"url\": \"rdtfhgjk\", \"bank\": {\"name\": \"\", \"holder\": \"\", \"account\": \"\"}, \"config\": {\"bankName\": null, \"bankHolder\": null, \"merchantId\": null, \"bankAccount\": null, \"merchantPassword\": null, \"merchantAccountNumber\": null}, \"details\": \"ghjnkml\", \"methods\": {\"deposit\": {\"type\": \"deposit\", \"equation\": \"+(a-b)\", \"variables\": [{\"var\": \"a\", \"value\": \"total_amount\"}, {\"var\": \"b\", \"value\": \"company_fee\"}]}, \"withdraw\": {\"type\": \"withdraw\", \"equation\": \"-(a+b)\", \"variables\": [{\"var\": \"a\", \"value\": \"total_amount\"}, {\"var\": \"b\", \"value\": \"company_fee\"}]}}}',	'[]'),
(39,	'SKRILL',	2,	'Testing Gateway2',	0.0000000000,	1,	1,	NOW(),	1,	NOW(),	'{\"url\": \"testinggateway2@test.com\", \"bank\": {\"name\": \"\", \"holder\": \"\", \"account\": \"\"}, \"details\": null, \"methods\": {\"deposit\": {\"type\": \"deposit\", \"equation\": \"+(a-b)\", \"variables\": [{\"var\": \"a\", \"value\": \"total_amount\"}, {\"var\": \"b\", \"value\": \"customer_fee\"}]}, \"withdraw\": {\"type\": \"withdraw\", \"equation\": \"-(a-b)\", \"variables\": [{\"var\": \"a\", \"value\": \"total_amount\"}, {\"var\": \"b\", \"value\": \"company_fee\"}]}}}',	'[]'),
(40,	'SKRILL',	1,	'MB-Turkish 2',	0.0000000000,	1,	1,	NOW(),	1,	NOW(),	'{\"url\": \"https://account.skrill.com/dashboard#\", \"bank\": {\"name\": \"\", \"holder\": \"\", \"account\": \"\"}, \"details\": null, \"methods\": {\"deposit\": {\"type\": \"deposit\", \"equation\": \"+(a-b)\", \"variables\": [{\"var\": \"a\", \"value\": \"total_amount\"}, {\"var\": \"b\", \"value\": \"company_fee\"}]}, \"withdraw\": {\"type\": \"withdraw\", \"equation\": \"-(a+b)\", \"variables\": [{\"var\": \"a\", \"value\": \"customer_amount\"}, {\"var\": \"b\", \"value\": \"company_fee\"}]}}}',	'[]'),
(41,	'SKRILL',	1,	'MB-Spare',	0.0000000000,	1,	1,	NOW(),	1,	NOW(),	'{\"url\": \"https://www.skrill.com/en/\", \"bank\": {\"name\": \"\", \"holder\": \"\", \"account\": \"\"}, \"details\": \"spare@gmail.com\", \"methods\": {\"deposit\": {\"type\": \"deposit\", \"equation\": \"+(a-b)\", \"variables\": [{\"var\": \"a\", \"value\": \"total_amount\"}, {\"var\": \"b\", \"value\": \"company_fee\"}]}, \"withdraw\": {\"type\": \"withdraw\", \"equation\": \"-(a+b)\", \"variables\": [{\"var\": \"a\", \"value\": \"customer_amount\"}, {\"var\": \"b\", \"value\": \"company_fee\"}]}}}',	'[]'),
(42,	'SKRILL',	2,	'MB-Spare',	0.0000000000,	1,	1,	NOW(),	1,	NOW(),	'{\"url\": \"https://www.skrill.com/en/\", \"bank\": {\"name\": \"\", \"holder\": \"\", \"account\": \"\"}, \"details\": \"spare@gmail.com\", \"methods\": {\"deposit\": {\"type\": \"deposit\", \"equation\": \"+(a-b)\", \"variables\": [{\"var\": \"a\", \"value\": \"total_amount\"}, {\"var\": \"b\", \"value\": \"company_fee\"}]}, \"withdraw\": {\"type\": \"withdraw\", \"equation\": \"-(a+b)\", \"variables\": [{\"var\": \"a\", \"value\": \"customer_amount\"}, {\"var\": \"b\", \"value\": \"company_fee\"}]}}}',	'[]'),
(43,	'BANK',	1,	'EUR Exchange',	0.0000000000,	0,	1,	NOW(),	1,	NOW(),	'{\"url\": \"www.asianconnect88.com\", \"bank\": {\"name\": \"\", \"holder\": \"\", \"account\": \"\"}, \"details\": null, \"methods\": {\"deposit\": {\"type\": \"deposit\", \"equation\": \"+(a-b)\", \"variables\": [{\"var\": \"a\", \"value\": \"total_amount\"}, {\"var\": \"b\", \"value\": \"company_fee\"}]}, \"withdraw\": {\"type\": \"withdraw\", \"equation\": \"-(a-b)\", \"variables\": [{\"var\": \"a\", \"value\": \"total_amount\"}, {\"var\": \"b\", \"value\": \"company_fee\"}]}}}',	'[]'),
(44,	'BANK',	2,	'GBP Exhange',	0.0000000000,	0,	1,	NOW(),	1,	NOW(),	'{\"url\": \"www.asianconnect88.com\", \"bank\": {\"name\": \"\", \"holder\": \"\", \"account\": \"\"}, \"details\": null, \"methods\": {\"deposit\": {\"type\": \"deposit\", \"equation\": \"+(a-b)\", \"variables\": [{\"var\": \"a\", \"value\": \"total_amount\"}, {\"var\": \"b\", \"value\": \"company_fee\"}]}, \"withdraw\": {\"type\": \"withdraw\", \"equation\": \"-(a-b)\", \"variables\": [{\"var\": \"a\", \"value\": \"total_amount\"}, {\"var\": \"b\", \"value\": \"company_fee\"}]}}}',	'[]'),
(45,	'BANK',	1,	'SataBank',	0.0000000000,	0,	1,	NOW(),	1,	NOW(),	'{\"url\": \"https://sata.direct\", \"bank\": {\"name\": \"\", \"holder\": \"\", \"account\": \"\"}, \"details\": null, \"methods\": {\"deposit\": {\"type\": \"deposit\", \"equation\": \"+(a-b)\", \"variables\": [{\"var\": \"a\", \"value\": \"total_amount\"}, {\"var\": \"b\", \"value\": \"company_fee\"}]}, \"withdraw\": {\"type\": \"withdraw\", \"equation\": \"-(a+b)\", \"variables\": [{\"var\": \"a\", \"value\": \"customer_amount\"}, {\"var\": \"b\", \"value\": \"company_fee\"}]}}}',	'[]'),
(46,	'BANK',	2,	'SataBank',	0.0000000000,	0,	1,	NOW(),	1,	NOW(),	'{\"url\": \"https://sata.direct/en/login\", \"bank\": {\"name\": \"\", \"holder\": \"\", \"account\": \"\"}, \"details\": null, \"methods\": {\"deposit\": {\"type\": \"deposit\", \"equation\": \"+(a-b)\", \"variables\": [{\"var\": \"a\", \"value\": \"total_amount\"}, {\"var\": \"b\", \"value\": \"company_fee\"}]}, \"withdraw\": {\"type\": \"withdraw\", \"equation\": \"-(a+b)\", \"variables\": [{\"var\": \"a\", \"value\": \"customer_amount\"}, {\"var\": \"b\", \"value\": \"company_fee\"}]}}}',	'[]'),
(47,	'BANK',	1,	'worldcore2',	0.0000000000,	0,	1,	NOW(),	1,	NOW(),	'{\"url\": \"https://worldcore.eu/\", \"bank\": {\"name\": \"\", \"holder\": \"\", \"account\": \"\"}, \"details\": null, \"methods\": {\"deposit\": {\"type\": \"deposit\", \"equation\": \"+(a-b)\", \"variables\": [{\"var\": \"a\", \"value\": \"total_amount\"}, {\"var\": \"b\", \"value\": \"company_fee\"}]}, \"withdraw\": {\"type\": \"withdraw\", \"equation\": \"-(a-b)\", \"variables\": [{\"var\": \"a\", \"value\": \"total_amount\"}, {\"var\": \"b\", \"value\": \"company_fee\"}]}}}',	'[]'),
(48,	'BANK',	1,	'Worldcore',	0.0000000000,	0,	1,	NOW(),	1,	NOW(),	'{\"url\": \"https://worldcore.eu/\", \"bank\": {\"name\": \"\", \"holder\": \"\", \"account\": \"\"}, \"details\": \"LV52BLIB1029020953001\", \"methods\": {\"deposit\": {\"type\": \"deposit\", \"equation\": \"+(a-b)\", \"variables\": [{\"var\": \"a\", \"value\": \"total_amount\"}, {\"var\": \"b\", \"value\": \"company_fee\"}]}, \"withdraw\": {\"type\": \"withdraw\", \"equation\": \"-(a+b)\", \"variables\": [{\"var\": \"a\", \"value\": \"customer_amount\"}, {\"var\": \"b\", \"value\": \"company_fee\"}]}}}',	'[]'),
(49,	'BANK',	2,	'Worldcore',	0.0000000000,	0,	1,	NOW(),	1,	NOW(),	'{\"url\": \"https://worldcore.eu/\", \"bank\": {\"name\": \"\", \"holder\": \"\", \"account\": \"\"}, \"details\": \"LV25BLIB1029020953002\", \"methods\": {\"deposit\": {\"type\": \"deposit\", \"equation\": \"+(a-b)\", \"variables\": [{\"var\": \"a\", \"value\": \"total_amount\"}, {\"var\": \"b\", \"value\": \"company_fee\"}]}, \"withdraw\": {\"type\": \"withdraw\", \"equation\": \"-(a+b)\", \"variables\": [{\"var\": \"a\", \"value\": \"customer_amount\"}, {\"var\": \"b\", \"value\": \"company_fee\"}]}}}',	'[]'),
(50,	'BANK',	1,	'MoneyNET',	0.0000000000,	1,	1,	NOW(),	1,	NOW(),	'{\"config\": {\"bankName\": null, \"bankHolder\": null, \"bankAccount\": null}, \"methods\": {\"deposit\": {\"type\": \"deposit\", \"equation\": \"+(a-b)\", \"variables\": [{\"var\": \"a\", \"value\": \"total_amount\"}, {\"var\": \"b\", \"value\": \"company_fee\"}]}, \"withdraw\": {\"type\": \"withdraw\", \"equation\": \"-(a+b)\", \"variables\": [{\"var\": \"a\", \"value\": \"customer_amount\"}, {\"var\": \"b\", \"value\": \"company_fee\"}]}}}',	'[]');

INSERT INTO `customer_group_gateway` (`cgg_gateway_id`, `cgg_customer_group_id`, `cgg_conditions`, `cgg_created_by`, `cgg_created_at`, `cgg_updated_by`, `cgg_updated_at`) VALUES
(1,	1,	'( customer.currency == \"EUR\" and transaction.payment_option == \"NETELLER\") or (customer.currency == \"EUR\" and transaction.type == \"bonus\")',	1,	NOW(),	1,	NOW()),
(2,	1,	'( customer.currency == \"EUR\" and transaction.payment_option == \"NETELLER\") or (customer.currency == \"EUR\" and transaction.type == \"bonus\")',	1,	NOW(),	1,	NOW()),
(3,	1,	'( customer.currency == \"EUR\" and transaction.payment_option == \"NETELLER\") or (customer.currency == \"EUR\" and transaction.type == \"bonus\")',	1,	NOW(),	1,	NOW()),
(4,	1,	'( customer.currency == \"GBP\" and transaction.payment_option == \"NETELLER\") or (customer.currency == \"GBP\" and transaction.type == \"bonus\")',	1,	NOW(),	1,	NOW()),
(5,	1,	'( customer.currency == \"EUR\" and transaction.payment_option == \"SKRILL\") or (customer.currency == \"EUR\" and transaction.type == \"bonus\")',	1,  NOW(),	1,	NOW()),
(6,	1,	'( customer.currency == \"GBP\" and transaction.payment_option == \"NETELLER\") or (customer.currency == \"GBP\" and transaction.type == \"bonus\")',	1,	NOW(),	1,	NOW()),
(7,	1,	'( customer.currency == \"EUR\" and transaction.payment_option == \"SKRILL\") or (customer.currency == \"EUR\" and transaction.type == \"bonus\")',	1,	NOW(),	1,	NOW()),
(8,	1,	'( customer.currency == \"EUR\" and transaction.payment_option == \"SKRILL\") or (customer.currency == \"EUR\" and transaction.type == \"bonus\")',	1,	NOW(),	1,	NOW()),
(9,	1,	'( customer.currency == \"EUR\" and transaction.payment_option == \"SKRILL\") or (customer.currency == \"EUR\" and transaction.type == \"bonus\")',	1,	NOW(),	1,	NOW()),
(10,	1,	'( customer.currency == \"EUR\" and transaction.payment_option == \"BANK\") or (customer.currency == \"EUR\" and transaction.type == \"bonus\")',	1,	NOW(),	1,	NOW()),
(11,	1,	'( customer.currency == \"EUR\" and transaction.payment_option == \"BANK\") or (customer.currency == \"EUR\" and transaction.type == \"bonus\")',	1,	NOW(),	1,	NOW()),
(12,	1,	'( customer.currency == \"EUR\" and transaction.payment_option == \"ECOPAYZ\") or (customer.currency == \"EUR\" and transaction.type == \"bonus\")',	1,	NOW(),	1,	NOW()),
(13,	1,	'( customer.currency == \"EUR\" and transaction.payment_option == \"SKRILL\") or (customer.currency == \"EUR\" and transaction.type == \"bonus\")',	1,	NOW(),	1,	NOW()),
(14,	1,	'( customer.currency == \"EUR\" and transaction.payment_option == \"SKRILL\") or (customer.currency == \"EUR\" and transaction.type == \"bonus\")',	1,	NOW(),	1,	NOW()),
(15,	1,	'( customer.currency == \"GBP\" and transaction.payment_option == \"SKRILL\") or (customer.currency == \"GBP\" and transaction.type == \"bonus\")',	1,	NOW(),	1,	NOW()),
(16,	1,	'( customer.currency == \"GBP\" and transaction.payment_option == \"SKRILL\") or (customer.currency == \"GBP\" and transaction.type == \"bonus\")',	1,	NOW(),	1,	NOW()),
(17,	1,	'( customer.currency == \"GBP\" and transaction.payment_option == \"SKRILL\") or (customer.currency == \"GBP\" and transaction.type == \"bonus\")',	1,	NOW(),	1,	NOW()),
(18,	1,	'( customer.currency == \"GBP\" and transaction.payment_option == \"SKRILL\") or (customer.currency == \"GBP\" and transaction.type == \"bonus\")',	1,	NOW(),	1,	NOW()),
(19,	1,	'( customer.currency == \"GBP\" and transaction.payment_option == \"BANK\") or (customer.currency == \"GBP\" and transaction.type == \"bonus\")',	1,	NOW(),	1,	NOW()),
(20,	1,	'( customer.currency == \"GBP\" and transaction.payment_option == \"BANK\") or (customer.currency == \"GBP\" and transaction.type == \"bonus\")',	1,	NOW(),	1,	NOW()),
(21,	1,	'( customer.currency == \"GBP\" and transaction.payment_option == \"ECOPAYZ\") or (customer.currency == \"GBP\" and transaction.type == \"bonus\")',	1,	NOW(),	1,	NOW()),
(25,	1,	'( customer.currency == \"EUR\" and transaction.payment_option == \"BANK\") or (customer.currency == \"EUR\" and transaction.type == \"bonus\")',	1,	NOW(),	1,	NOW()),
(26,	1,	'( customer.currency == \"GBP\" and transaction.payment_option == \"BANK\") or (customer.currency == \"GBP\" and transaction.type == \"bonus\")',	1,	NOW(),	1,	NOW()),
(27,	1,	'( customer.currency == \"GBP\" and transaction.payment_option == \"SKRILL\") or (customer.currency == \"GBP\" and transaction.type == \"bonus\")',	1,	NOW(),	1,	NOW()),
(28,	1,	'( customer.currency == \"EUR\" and transaction.payment_option == \"BITCOIN\") or (customer.currency == \"EUR\" and transaction.type == \"bonus\")',	1,	NOW(),	1,	NOW()),
(31,	1,	'( customer.currency == \"GBP\" and transaction.payment_option == \"NETELLER\") or (customer.currency == \"GBP\" and transaction.type == \"bonus\")',	1,	NOW(),	1,	NOW()),
(33,	1,	'( customer.currency == \"EUR\" and transaction.payment_option == \"NETELLER\") or (customer.currency == \"EUR\" and transaction.type == \"bonus\")',	1,	NOW(),	1,	NOW()),
(34,	1,	'( customer.currency == \"GBP\" and transaction.payment_option == \"NETELLER\") or (customer.currency == \"GBP\" and transaction.type == \"bonus\")',	1,	NOW(),	1,	NOW()),
(36,	1,	'( customer.currency == \"EUR\" and transaction.payment_option == \"BANK\") or (customer.currency == \"EUR\" and transaction.type == \"bonus\")',	1,	NOW(),	1,	NOW()),
(40,	1,	'( customer.currency == \"EUR\" and transaction.payment_option == \"SKRILL\") or (customer.currency == \"EUR\" and transaction.type == \"bonus\")',	1,	NOW(),	1,	NOW()),
(41,	1,	'( customer.currency == \"EUR\" and transaction.payment_option == \"SKRILL\") or (customer.currency == \"EUR\" and transaction.type == \"bonus\")',	1,	NOW(),	1,	NOW()),
(42,	1,	'( customer.currency == \"GBP\" and transaction.payment_option == \"SKRILL\") or (customer.currency == \"GBP\" and transaction.type == \"bonus\")',	1,	NOW(),	1,	NOW()),
(43,	1,	'( customer.currency == \"EUR\" and transaction.payment_option == \"BANK\") or (customer.currency == \"EUR\" and transaction.type == \"bonus\")',	1,	NOW(),	1,	NOW()),
(44,	1,	'( customer.currency == \"GBP\" and transaction.payment_option == \"BANK\") or (customer.currency == \"GBP\" and transaction.type == \"bonus\")',	1,	NOW(),	1,	NOW()),
(45,	1,	'( customer.currency == \"EUR\" and transaction.payment_option == \"BANK\") or (customer.currency == \"EUR\" and transaction.type == \"bonus\")',	1,	NOW(),	1,	NOW()),
(46,	1,	'( customer.currency == \"GBP\" and transaction.payment_option == \"BANK\") or (customer.currency == \"GBP\" and transaction.type == \"bonus\")',	1,	NOW(),	1,	NOW()),
(48,	1,	'( customer.currency == \"EUR\" and transaction.payment_option == \"BANK\") or (customer.currency == \"EUR\" and transaction.type == \"bonus\")',	1,	NOW(),	1,	NOW()),
(49,	1,	'( customer.currency == \"GBP\" and transaction.payment_option == \"BANK\") or (customer.currency == \"GBP\" and transaction.type == \"bonus\")',	1,	NOW(),	1,	NOW()),
(50,	1,	'( customer.currency == \"EUR\" and transaction.payment_option == \"BANK\") or (customer.currency == \"EUR\" and transaction.type == \"bonus\")',	1,	NOW(),	1,	NOW());