INSERT INTO `customer_group` (`customer_group_id`, `customer_group_name`, `customer_is_default`, `customer_group_created_by`, `customer_group_created_at`, `customer_group_updated_by`, `customer_group_updated_at`) VALUES
(1,	'Group ALL',	1,	1,	NOW(),	1,	NOW());

INSERT INTO `currency` (`currency_id`, `currency_code`, `currency_name`, `currency_created_by`, `currency_created_at`, `currency_updated_by`, `currency_updated_at`, `currency_rate`) VALUES
(2,	'GBP',	'GBP',	1,	NOW(),	1,	NOW(),	1.0000000000),
(3,	'BTC',	'Bitcoin',	1,	NOW(),	1,	NOW(),	1.0000000000);

INSERT INTO `gateway` (`gateway_id`, `gateway_name`, `gateway_currency_id`, `gateway_balance`, `gateway_payment_option`, `gateway_is_active`, `gateway_created_by`, `gateway_created_at`, `gateway_updated_by`, `gateway_updated_at`, `gateway_levels`, `gateway_details`) VALUES
(1,	'NT-MAIN 2',	1,	117398.6600000000,	'NETELLER',	1,	5,	'2016-06-25 00:53:29',	1,	'2019-02-26 07:41:21',	'[]',	'{\"url\": \"https://member.neteller.com/session/index\", \"bank\": {\"name\": \"\", \"holder\": \"\", \"account\": \"\"}, \"config\": {\"bankName\": null, \"bankHolder\": null, \"bankAccount\": null}, \"details\": \"euromaster888@yahoo.com\", \"methods\": {\"deposit\": {\"type\": \"deposit\", \"equation\": \"+(a-b)\", \"variables\": [{\"var\": \"a\", \"value\": \"total_amount\"}, {\"var\": \"b\", \"value\": \"company_fee\"}]}, \"withdraw\": {\"type\": \"withdraw\", \"equation\": \"-(a+b)\", \"variables\": [{\"var\": \"a\", \"value\": \"customer_amount\"}, {\"var\": \"b\", \"value\": \"company_fee\"}]}}}'),
(2,	'NT-TURKISH',	1,	55578.5850000000,	'NETELLER',	1,	5,	'2016-06-25 01:06:33',	26440,	'2019-03-12 11:42:10',	'[]',	'{\"url\": \"https://member.neteller.com/session/index\", \"bank\": {\"name\": \"\", \"holder\": \"\", \"account\": \"\"}, \"config\": {\"bankName\": null, \"bankHolder\": null, \"bankAccount\": null}, \"details\": \"euromaster88@yahoo.com\", \"methods\": {\"deposit\": {\"type\": \"deposit\", \"equation\": \"+(a-b)\", \"variables\": [{\"var\": \"a\", \"value\": \"total_amount\"}, {\"var\": \"b\", \"value\": \"company_fee\"}]}, \"withdraw\": {\"type\": \"withdraw\", \"equation\": \"-(a+b)\", \"variables\": [{\"var\": \"a\", \"value\": \"customer_amount\"}, {\"var\": \"b\", \"value\": \"company_fee\"}]}}}'),
(3,	'NT-MAIN',	1,	168740.2400000000,	'NETELLER',	1,	5,	'2016-06-25 01:07:36',	19,	'2018-05-09 19:10:46',	'[]',	'{\"url\": \"https://member.neteller.com/session/index\", \"bank\": {\"name\": \"\", \"holder\": \"\", \"account\": \"\"}, \"details\": \"masterdnipro@yahoo.com\", \"methods\": {\"deposit\": {\"type\": \"deposit\", \"equation\": \"+(a-b)\", \"variables\": [{\"var\": \"a\", \"value\": \"total_amount\"}, {\"var\": \"b\", \"value\": \"company_fee\"}]}, \"withdraw\": {\"type\": \"withdraw\", \"equation\": \"-(a+b)\", \"variables\": [{\"var\": \"a\", \"value\": \"customer_amount\"}, {\"var\": \"b\", \"value\": \"company_fee\"}]}}}'),
(4,	'NT-MAIN',	2,	18320.0600000000,	'NETELLER',	1,	5,	'2016-06-25 01:08:27',	18401,	'2018-05-11 09:13:43',	'[]',	'{\"url\": \"https://member.neteller.com/session/index\", \"bank\": {\"name\": \"\", \"holder\": \"\", \"account\": \"\"}, \"details\": \"utkagbp2@yahoo.com\", \"methods\": {\"deposit\": {\"type\": \"deposit\", \"equation\": \"+(a-b)\", \"variables\": [{\"var\": \"a\", \"value\": \"total_amount\"}, {\"var\": \"b\", \"value\": \"company_fee\"}]}, \"withdraw\": {\"type\": \"withdraw\", \"equation\": \"-(a+b)\", \"variables\": [{\"var\": \"a\", \"value\": \"customer_amount\"}, {\"var\": \"b\", \"value\": \"company_fee\"}]}}}'),
(5,	'MB-TURKISH',	1,	49366.5531000000,	'SKRILL',	1,	5,	'2016-06-25 01:13:41',	26440,	'2019-03-19 09:46:20',	'[]',	'{\"url\": \"https://account.skrill.com/login?locale=en\", \"bank\": {\"name\": \"\", \"holder\": \"\", \"account\": \"\"}, \"details\": null, \"methods\": {\"deposit\": {\"type\": \"deposit\", \"equation\": \"+(a-b)\", \"variables\": [{\"var\": \"a\", \"value\": \"total_amount\"}, {\"var\": \"b\", \"value\": \"company_fee\"}]}, \"withdraw\": {\"type\": \"withdraw\", \"equation\": \"-(a+b)\", \"variables\": [{\"var\": \"a\", \"value\": \"customer_amount\"}, {\"var\": \"b\", \"value\": \"company_fee\"}]}}}'),
(6,	'NT-MAIN 2',	2,	45192.9900000000,	'NETELLER',	1,	5,	'2016-06-25 01:14:49',	17524,	'2018-05-01 23:38:51',	'[]',	'{\"url\": \"https://member.neteller.com/session/index\", \"bank\": {\"name\": \"\", \"holder\": \"\", \"account\": \"\"}, \"details\": \"martinjanzo@yahoo.com\", \"methods\": {\"deposit\": {\"type\": \"deposit\", \"equation\": \"+(a-b)\", \"variables\": [{\"var\": \"a\", \"value\": \"total_amount\"}, {\"var\": \"b\", \"value\": \"company_fee\"}]}, \"withdraw\": {\"type\": \"withdraw\", \"equation\": \"-(a+b)\", \"variables\": [{\"var\": \"a\", \"value\": \"customer_amount\"}, {\"var\": \"b\", \"value\": \"company_fee\"}]}}}'),
(7,	'MB-PERSONAL',	1,	100437.1200000000,	'SKRILL',	1,	5,	'2016-06-25 01:16:32',	25773,	'2018-05-04 16:19:06',	'[]',	'{\"url\": \"https://account.skrill.com/login?locale=en\", \"bank\": {\"name\": \"\", \"holder\": \"\", \"account\": \"\"}, \"details\": \"noshea144@gmail.com\", \"methods\": {\"deposit\": {\"type\": \"deposit\", \"equation\": \"+(a-b)\", \"variables\": [{\"var\": \"a\", \"value\": \"total_amount\"}, {\"var\": \"b\", \"value\": \"company_fee\"}]}, \"withdraw\": {\"type\": \"withdraw\", \"equation\": \"-(a+b)\", \"variables\": [{\"var\": \"a\", \"value\": \"customer_amount\"}, {\"var\": \"b\", \"value\": \"company_fee\"}]}}}'),
(8,	'MB-PERSONAL 2',	1,	796.0100000000,	'SKRILL',	0,	5,	'2016-06-25 01:17:04',	4,	'2018-04-25 16:07:12',	'[]',	'{\"url\": \"https://account.skrill.com/login?locale=en\", \"bank\": {\"name\": \"\", \"holder\": \"\", \"account\": \"\"}, \"details\": \"rossjeuro@gmail.com\", \"methods\": {\"deposit\": {\"type\": \"deposit\", \"equation\": \"+(a-b)\", \"variables\": [{\"var\": \"a\", \"value\": \"total_amount\"}, {\"var\": \"b\", \"value\": \"company_fee\"}]}, \"withdraw\": {\"type\": \"withdraw\", \"equation\": \"-(a+b)\", \"variables\": [{\"var\": \"a\", \"value\": \"customer_amount\"}, {\"var\": \"b\", \"value\": \"company_fee\"}]}}}'),
(9,	'MB-MERCHANT',	1,	195005.1600000000,	'SKRILL',	1,	5,	'2016-06-25 01:17:57',	17524,	'2018-05-10 23:44:38',	'[]',	'{\"url\": \"https://account.skrill.com/login?locale=en\", \"bank\": {\"name\": \"\", \"holder\": \"\", \"account\": \"\"}, \"details\": \"payments@asianconnect88.com\", \"methods\": {\"deposit\": {\"type\": \"deposit\", \"equation\": \"+(a-b)\", \"variables\": [{\"var\": \"a\", \"value\": \"total_amount\"}, {\"var\": \"b\", \"value\": \"company_fee\"}]}, \"withdraw\": {\"type\": \"withdraw\", \"equation\": \"-(a+b)\", \"variables\": [{\"var\": \"a\", \"value\": \"customer_amount\"}, {\"var\": \"b\", \"value\": \"company_fee\"}]}}}'),
(10,	'GERMAN BANK',	1,	75.1600000000,	'BANK',	1,	5,	'2016-06-25 01:19:00',	NULL,	'2017-12-30 01:24:11',	'[]',	'{\"url\": \"https://ebanking.wirecardbank.com/fb4wirecardbank/loginStart.do\", \"bank\": {\"name\": \"\", \"holder\": \"\", \"account\": \"\"}, \"details\": \"DE14512308000000053815\", \"methods\": {\"deposit\": {\"type\": \"deposit\", \"equation\": \"+(a-b)\", \"variables\": [{\"var\": \"a\", \"value\": \"total_amount\"}, {\"var\": \"b\", \"value\": \"company_fee\"}]}, \"withdraw\": {\"type\": \"withdraw\", \"equation\": \"-(a+b)\", \"variables\": [{\"var\": \"a\", \"value\": \"customer_amount\"}, {\"var\": \"b\", \"value\": \"company_fee\"}]}}}'),
(11,	'MALTA BANK',	1,	0.0000000000,	'BANK',	1,	5,	'2016-06-25 01:19:43',	NULL,	'2017-09-26 16:50:36',	'[]',	'{\"url\": \"BOv.com\", \"bank\": {\"name\": \"\", \"holder\": \"\", \"account\": \"\"}, \"details\": \"MT62VALL22013000000040021472949\", \"methods\": {\"deposit\": {\"type\": \"deposit\", \"equation\": \"+(a-b)\", \"variables\": [{\"var\": \"a\", \"value\": \"total_amount\"}, {\"var\": \"b\", \"value\": \"company_fee\"}]}, \"withdraw\": {\"type\": \"withdraw\", \"equation\": \"-(a+b)\", \"variables\": [{\"var\": \"a\", \"value\": \"customer_amount\"}, {\"var\": \"b\", \"value\": \"company_fee\"}]}}}'),
(12,	'ECOPAYZ',	1,	175469.0380000000,	'ECOPAYZ',	1,	5,	'2016-06-25 01:20:51',	18401,	'2018-05-12 10:59:33',	'[]',	'{\"url\": \"https://secure.ecopayz.com/loginbusiness.aspx\", \"bank\": {\"name\": \"\", \"holder\": \"\", \"account\": \"\"}, \"config\": {\"merchantId\": 1937, \"merchantPassword\": \"BdHMqbG3Q6wU\", \"merchantAccountNumber\": 110607}, \"details\": \"wwwasianconnect88com\", \"methods\": {\"deposit\": {\"type\": \"deposit\", \"equation\": \"+(a-b-c)\", \"variables\": [{\"var\": \"a\", \"value\": \"total_amount\"}, {\"var\": \"b\", \"value\": \"company_fee\"}, {\"var\": \"c\", \"value\": \"customer_fee\"}]}, \"withdraw\": {\"type\": \"withdraw\", \"equation\": \"-(a+b)\", \"variables\": [{\"var\": \"a\", \"value\": \"customer_amount\"}, {\"var\": \"b\", \"value\": \"company_fee\"}]}}}'),
(13,	'MB-PERSONAL 3',	1,	415.6200000000,	'SKRILL',	0,	5,	'2016-06-25 01:23:27',	4,	'2018-04-24 14:46:51',	'[]',	'{\"url\": \"https://account.skrill.com/login?locale=en\", \"bank\": {\"name\": \"\", \"holder\": \"\", \"account\": \"\"}, \"details\": \"wareagleeaglewar@gmail.com\", \"methods\": {\"deposit\": {\"type\": \"deposit\", \"equation\": \"+(a-b)\", \"variables\": [{\"var\": \"a\", \"value\": \"total_amount\"}, {\"var\": \"b\", \"value\": \"company_fee\"}]}, \"withdraw\": {\"type\": \"withdraw\", \"equation\": \"-(a+b)\", \"variables\": [{\"var\": \"a\", \"value\": \"customer_amount\"}, {\"var\": \"b\", \"value\": \"company_fee\"}]}}}'),
(14,	'MB-PERSONAL 4',	1,	700.0000000000,	'SKRILL',	0,	5,	'2016-06-25 01:24:51',	4,	'2018-04-24 14:51:15',	'[]',	'{\"url\": \"https://account.skrill.com/login?locale=en\", \"bank\": {\"name\": \"\", \"holder\": \"\", \"account\": \"\"}, \"details\": \"thegunmangbp@gmail.com\", \"methods\": {\"deposit\": {\"type\": \"deposit\", \"equation\": \"+(a-b)\", \"variables\": [{\"var\": \"a\", \"value\": \"total_amount\"}, {\"var\": \"b\", \"value\": \"company_fee\"}]}, \"withdraw\": {\"type\": \"withdraw\", \"equation\": \"-(a+b)\", \"variables\": [{\"var\": \"a\", \"value\": \"customer_amount\"}, {\"var\": \"b\", \"value\": \"company_fee\"}]}}}'),
(15,	'MB-PERSONAL',	2,	4.0000000000,	'SKRILL',	0,	5,	'2016-06-25 01:26:03',	21723,	'2018-05-03 00:53:58',	'[]',	'{\"url\": \"https://account.skrill.com/login?locale=en\", \"bank\": {\"name\": \"\", \"holder\": \"\", \"account\": \"\"}, \"details\": \"noshea43@gmail.com\", \"methods\": {\"deposit\": {\"type\": \"deposit\", \"equation\": \"+(a-b)\", \"variables\": [{\"var\": \"a\", \"value\": \"total_amount\"}, {\"var\": \"b\", \"value\": \"company_fee\"}]}, \"withdraw\": {\"type\": \"withdraw\", \"equation\": \"-(a+b)\", \"variables\": [{\"var\": \"a\", \"value\": \"customer_amount\"}, {\"var\": \"b\", \"value\": \"company_fee\"}]}}}'),
(16,	'MB-PERSONAL 2',	2,	-27467.8300000000,	'SKRILL',	1,	5,	'2016-06-25 01:26:33',	1,	'2018-01-24 13:49:25',	'[]',	'{\"url\": \"https://account.skrill.com/login?locale=en\", \"bank\": {\"name\": \"\", \"holder\": \"\", \"account\": \"\"}, \"details\": \"thegunmangbp@gmail.com\", \"methods\": {\"deposit\": {\"type\": \"deposit\", \"equation\": \"+(a-b)\", \"variables\": [{\"var\": \"a\", \"value\": \"total_amount\"}, {\"var\": \"b\", \"value\": \"company_fee\"}]}, \"withdraw\": {\"type\": \"withdraw\", \"equation\": \"-(a+b)\", \"variables\": [{\"var\": \"a\", \"value\": \"customer_amount\"}, {\"var\": \"b\", \"value\": \"company_fee\"}]}}}'),
(17,	'MB-PERSONAL 3',	2,	9.5900000000,	'SKRILL',	0,	5,	'2016-06-25 01:27:14',	1,	'2018-01-24 13:48:35',	'[]',	'{\"url\": \"https://account.skrill.com/login?locale=en\", \"bank\": {\"name\": \"\", \"holder\": \"\", \"account\": \"\"}, \"details\": \"kierj818@gmail.com\", \"methods\": {\"deposit\": {\"type\": \"deposit\", \"equation\": \"+(a-b)\", \"variables\": [{\"var\": \"a\", \"value\": \"total_amount\"}, {\"var\": \"b\", \"value\": \"company_fee\"}]}, \"withdraw\": {\"type\": \"withdraw\", \"equation\": \"-(a+b)\", \"variables\": [{\"var\": \"a\", \"value\": \"customer_amount\"}, {\"var\": \"b\", \"value\": \"company_fee\"}]}}}'),
(18,	'MB-MERCHANT',	2,	68195.5600000000,	'SKRILL',	1,	5,	'2016-06-25 01:28:05',	17524,	'2018-04-11 11:37:53',	'[]',	'{\"url\": \"https://account.skrill.com/login?locale=en\", \"bank\": {\"name\": \"\", \"holder\": \"\", \"account\": \"\"}, \"details\": \"gbpmb@asianconnect88.com\", \"methods\": {\"deposit\": {\"type\": \"deposit\", \"equation\": \"+(a-b)\", \"variables\": [{\"var\": \"a\", \"value\": \"total_amount\"}, {\"var\": \"b\", \"value\": \"company_fee\"}]}, \"withdraw\": {\"type\": \"withdraw\", \"equation\": \"-(a+b)\", \"variables\": [{\"var\": \"a\", \"value\": \"customer_amount\"}, {\"var\": \"b\", \"value\": \"company_fee\"}]}}}'),
(19,	'GERMAN BANK',	2,	471.9600000000,	'BANK',	1,	5,	'2016-06-25 01:28:42',	NULL,	'2017-11-19 03:07:34',	'[]',	'{\"url\": \"https://ebanking.wirecardbank.com/fb4wirecardbank/loginStart.do\", \"bank\": {\"name\": \"\", \"holder\": \"\", \"account\": \"\"}, \"details\": \"DE84512308000000053816\", \"methods\": {\"deposit\": {\"type\": \"deposit\", \"equation\": \"+(a-b)\", \"variables\": [{\"var\": \"a\", \"value\": \"total_amount\"}, {\"var\": \"b\", \"value\": \"company_fee\"}]}, \"withdraw\": {\"type\": \"withdraw\", \"equation\": \"-(a+b)\", \"variables\": [{\"var\": \"a\", \"value\": \"customer_amount\"}, {\"var\": \"b\", \"value\": \"company_fee\"}]}}}'),
(20,	'MALTA BANK',	2,	0.0000000000,	'BANK',	0,	5,	'2016-06-25 01:29:31',	NULL,	'2017-05-07 22:47:09',	'[]',	'{\"url\": \"BOv.com\", \"bank\": {\"name\": \"\", \"holder\": \"\", \"account\": \"\"}, \"details\": \"MT78VALL22013000000040021472952\", \"methods\": {\"deposit\": {\"type\": \"deposit\", \"equation\": \"+(a-b)\", \"variables\": [{\"var\": \"a\", \"value\": \"total_amount\"}, {\"var\": \"b\", \"value\": \"company_fee\"}]}, \"withdraw\": {\"type\": \"withdraw\", \"equation\": \"-(a+b)\", \"variables\": [{\"var\": \"a\", \"value\": \"customer_amount\"}, {\"var\": \"b\", \"value\": \"company_fee\"}]}}}'),
(21,	'ECOPAYZ',	2,	2012.6100000000,	'ECOPAYZ',	1,	5,	'2016-06-25 01:30:23',	21723,	'2018-05-02 02:37:09',	'[]',	'{\"url\": \"https://secure.ecopayz.com/loginbusiness.aspx\", \"bank\": {\"name\": \"\", \"holder\": \"\", \"account\": \"\"}, \"config\": {\"merchantId\": 1937, \"merchantPassword\": \"BdHMqbG3Q6wU\", \"merchantAccountNumber\": 110608}, \"details\": \"wwwasianconnect88com\", \"methods\": {\"deposit\": {\"type\": \"deposit\", \"equation\": \"+(a-b-c)\", \"variables\": [{\"var\": \"a\", \"value\": \"total_amount\"}, {\"var\": \"b\", \"value\": \"customer_fee\"}, {\"var\": \"c\", \"value\": \"company_fee\"}]}, \"withdraw\": {\"type\": \"withdraw\", \"equation\": \"-(a+b)\", \"variables\": [{\"var\": \"a\", \"value\": \"customer_amount\"}, {\"var\": \"b\", \"value\": \"company_fee\"}]}}}'),
(22,	'BONUS',	1,	9847.5000000000,	NULL,	1,	5,	'2016-07-12 02:40:43',	NULL,	'2017-07-02 16:13:38',	'[]',	'{\"url\": \"www.asianconnect88.com\", \"bank\": {\"name\": \"\", \"holder\": \"\", \"account\": \"\"}, \"details\": \"For all Bonus transaction\", \"methods\": {\"deposit\": {\"type\": \"deposit\", \"equation\": \"+(a-b)\", \"variables\": [{\"var\": \"a\", \"value\": \"total_amount\"}, {\"var\": \"b\", \"value\": \"company_fee\"}]}, \"withdraw\": {\"type\": \"withdraw\", \"equation\": \"-(a-b)\", \"variables\": [{\"var\": \"a\", \"value\": \"total_amount\"}, {\"var\": \"b\", \"value\": \"company_fee\"}]}}}'),
(23,	'COMMISSION',	1,	78891.0200000000,	NULL,	1,	5,	'2016-08-12 14:25:46',	NULL,	'2017-06-30 00:41:29',	'[]',	'{\"url\": \"www.asianconnect88.com\", \"bank\": {\"name\": \"\", \"holder\": \"\", \"account\": \"\"}, \"details\": \"www.asianconnect88.com\", \"methods\": {\"deposit\": {\"type\": \"deposit\", \"equation\": \"+(a-b)\", \"variables\": [{\"var\": \"a\", \"value\": \"total_amount\"}, {\"var\": \"b\", \"value\": \"company_fee\"}]}, \"withdraw\": {\"type\": \"withdraw\", \"equation\": \"-(a-b)\", \"variables\": [{\"var\": \"a\", \"value\": \"total_amount\"}, {\"var\": \"b\", \"value\": \"company_fee\"}]}}}'),
(24,	'COMMISSION',	2,	94875.1400000000,	NULL,	1,	5,	'2016-08-12 14:26:41',	NULL,	'2017-08-04 09:52:37',	'[]',	'{\"url\": \"www.asianconnect88.com\", \"bank\": {\"name\": \"\", \"holder\": \"\", \"account\": \"\"}, \"details\": \"www.asianconnect88.com\", \"methods\": {\"deposit\": {\"type\": \"deposit\", \"equation\": \"+(a-b)\", \"variables\": [{\"var\": \"a\", \"value\": \"total_amount\"}, {\"var\": \"b\", \"value\": \"company_fee\"}]}, \"withdraw\": {\"type\": \"withdraw\", \"equation\": \"-(a-b)\", \"variables\": [{\"var\": \"a\", \"value\": \"total_amount\"}, {\"var\": \"b\", \"value\": \"company_fee\"}]}}}'),
(25,	'GERMAN BANK 2',	1,	50885.3700000000,	'BANK',	1,	5,	'2016-09-28 13:42:31',	19,	'2018-04-14 03:07:45',	'[]',	'{\"url\": \"https://ebanking.wirecardbank.com/fb4wirecardbank/loginStart.do\", \"bank\": {\"name\": \"\", \"holder\": \"\", \"account\": \"\"}, \"details\": \"DE54512308000000066675\", \"methods\": {\"deposit\": {\"type\": \"deposit\", \"equation\": \"+(a-b)\", \"variables\": [{\"var\": \"a\", \"value\": \"total_amount\"}, {\"var\": \"b\", \"value\": \"company_fee\"}]}, \"withdraw\": {\"type\": \"withdraw\", \"equation\": \"-(a+b)\", \"variables\": [{\"var\": \"a\", \"value\": \"customer_amount\"}, {\"var\": \"b\", \"value\": \"company_fee\"}]}}}'),
(26,	'GERMAN BANK 2',	2,	0.0000000000,	NULL,	1,	5,	'2016-10-01 14:03:43',	NULL,	'2017-06-26 21:42:24',	'[]',	'{\"url\": \"https://ebanking.wirecardbank.com/fb4wirecardbank/loginStart.do\", \"bank\": {\"name\": \"\", \"holder\": \"\", \"account\": \"\"}, \"details\": \"DE54512308000000066675\", \"methods\": {\"deposit\": {\"type\": \"deposit\", \"equation\": \"+(a-b)\", \"variables\": [{\"var\": \"a\", \"value\": \"total_amount\"}, {\"var\": \"b\", \"value\": \"company_fee\"}]}, \"withdraw\": {\"type\": \"withdraw\", \"equation\": \"-(a+b)\", \"variables\": [{\"var\": \"a\", \"value\": \"customer_amount\"}, {\"var\": \"b\", \"value\": \"company_fee\"}]}}}'),
(27,	'MB-TURKISH',	2,	7226.2170000000,	'SKRILL',	1,	5,	'2016-10-13 18:56:33',	18401,	'2018-05-12 12:10:58',	'[]',	'{\"url\": \"https://account.skrill.com\", \"bank\": {\"name\": \"\", \"holder\": \"\", \"account\": \"\"}, \"details\": \"martinjanzo@yahoo.com\", \"methods\": {\"deposit\": {\"type\": \"deposit\", \"equation\": \"+(a-b)\", \"variables\": [{\"var\": \"a\", \"value\": \"total_amount\"}, {\"var\": \"b\", \"value\": \"company_fee\"}]}, \"withdraw\": {\"type\": \"withdraw\", \"equation\": \"-(a+b)\", \"variables\": [{\"var\": \"a\", \"value\": \"customer_amount\"}, {\"var\": \"b\", \"value\": \"company_fee\"}]}}}'),
(28,	'KRAKEN',	1,	1856848.0100000000,	'BITCOIN',	1,	5,	'2016-11-16 04:50:55',	18401,	'2018-05-12 07:55:18',	'[]',	'{\"url\": \"https://www.kraken.com\", \"bank\": {\"name\": \"\", \"holder\": \"\", \"account\": \"\"}, \"details\": \"zhiming1\", \"methods\": {\"deposit\": {\"type\": \"deposit\", \"equation\": \"+(a-b)\", \"variables\": [{\"var\": \"a\", \"value\": \"total_amount\"}, {\"var\": \"b\", \"value\": \"company_fee\"}]}, \"withdraw\": {\"type\": \"withdraw\", \"equation\": \"-(a+b)\", \"variables\": [{\"var\": \"a\", \"value\": \"customer_amount\"}, {\"var\": \"b\", \"value\": \"company_fee\"}]}}}'),
(29,	'Testing NT',	1,	71320.1200000000,	'NETELLER',	1,	4,	'2016-11-21 23:38:40',	37,	'2018-05-09 13:38:36',	'[]',	'{\"url\": \"TestingGateway\", \"bank\": {\"name\": \"\", \"holder\": \"\", \"account\": \"\"}, \"config\": {\"bankName\": null, \"bankHolder\": null, \"bankAccount\": null}, \"details\": null, \"methods\": {\"deposit\": {\"type\": \"deposit\", \"equation\": \"+(a-b)\", \"variables\": [{\"var\": \"a\", \"value\": \"total_amount\"}, {\"var\": \"b\", \"value\": \"customer_fee\"}]}, \"withdraw\": {\"type\": \"withdraw\", \"equation\": \"-(a-b)\", \"variables\": [{\"var\": \"a\", \"value\": \"total_amount\"}, {\"var\": \"b\", \"value\": \"company_fee\"}]}}}'),
(30,	'Testing NT',	2,	22248.7100000000,	'NETELLER',	1,	4,	'2016-11-21 23:40:11',	4,	'2018-01-31 14:20:00',	'[]',	'{\"url\": \"TestingGateway\", \"bank\": {\"name\": \"\", \"holder\": \"\", \"account\": \"\"}, \"config\": {\"bankName\": null, \"bankHolder\": null, \"bankAccount\": null}, \"details\": null, \"methods\": {\"deposit\": {\"type\": \"deposit\", \"equation\": \"+(a-b)\", \"variables\": [{\"var\": \"a\", \"value\": \"total_amount\"}, {\"var\": \"b\", \"value\": \"customer_fee\"}]}, \"withdraw\": {\"type\": \"withdraw\", \"equation\": \"-(a-b)\", \"variables\": [{\"var\": \"a\", \"value\": \"total_amount\"}, {\"var\": \"b\", \"value\": \"company_fee\"}]}}}'),
(31,	'NT-TURKISH',	2,	0.0000000000,	'NETELLER',	0,	5,	'2016-12-01 22:19:49',	15,	'2018-05-09 06:46:56',	'[]',	'{\"url\": \"https://member.neteller.com/\", \"bank\": {\"name\": \"\", \"holder\": \"\", \"account\": \"\"}, \"details\": \"martinjanzo@yahoo.com\", \"methods\": {\"deposit\": {\"type\": \"deposit\", \"equation\": \"+(a-b)\", \"variables\": [{\"var\": \"a\", \"value\": \"total_amount\"}, {\"var\": \"b\", \"value\": \"company_fee\"}]}, \"withdraw\": {\"type\": \"withdraw\", \"equation\": \"-(a+b)\", \"variables\": [{\"var\": \"a\", \"value\": \"customer_amount\"}, {\"var\": \"b\", \"value\": \"company_fee\"}]}}}'),
(32,	'Testing MB',	1,	25713.0200000000,	'SKRILL',	1,	4,	'2016-12-05 16:57:53',	37,	'2018-05-02 21:19:30',	'[]',	'{\"url\": \"testingBITCOIN@test.com\", \"bank\": {\"name\": \"\", \"holder\": \"\", \"account\": \"\"}, \"config\": {\"bankName\": null, \"bankHolder\": null, \"bankAccount\": null}, \"details\": null, \"methods\": {\"deposit\": {\"type\": \"deposit\", \"equation\": \"+(a-b)\", \"variables\": [{\"var\": \"a\", \"value\": \"total_amount\"}, {\"var\": \"b\", \"value\": \"customer_fee\"}]}, \"withdraw\": {\"type\": \"withdraw\", \"equation\": \"-(a-b)\", \"variables\": [{\"var\": \"a\", \"value\": \"total_amount\"}, {\"var\": \"b\", \"value\": \"company_fee\"}]}}}'),
(33,	'NT-MERCHANT',	1,	634415.2200000000,	'NETELLER',	1,	5,	'2017-03-13 16:45:06',	18401,	'2018-05-10 18:39:35',	'[]',	'{\"url\": \"https://merchant.neteller.com/merchflux/public/index\", \"bank\": {\"name\": \"\", \"holder\": \"\", \"account\": \"\"}, \"details\": \"support@asianconnect88.com\", \"methods\": {\"deposit\": {\"type\": \"deposit\", \"equation\": \"+(a-b)\", \"variables\": [{\"var\": \"a\", \"value\": \"total_amount\"}, {\"var\": \"b\", \"value\": \"company_fee\"}]}, \"withdraw\": {\"type\": \"withdraw\", \"equation\": \"-(a+b)\", \"variables\": [{\"var\": \"a\", \"value\": \"customer_amount\"}, {\"var\": \"b\", \"value\": \"company_fee\"}]}}}'),
(34,	'NT-MERCHANT',	2,	49428.1300000000,	'NETELLER',	1,	5,	'2017-03-13 20:32:57',	5,	'2018-04-20 16:59:05',	'[]',	'{\"url\": \"https://merchant.neteller.com/merchflux/public/index\", \"bank\": {\"name\": \"\", \"holder\": \"\", \"account\": \"\"}, \"details\": \"support@asianconnect88.com\", \"methods\": {\"deposit\": {\"type\": \"deposit\", \"equation\": \"+(a-b)\", \"variables\": [{\"var\": \"a\", \"value\": \"total_amount\"}, {\"var\": \"b\", \"value\": \"company_fee\"}]}, \"withdraw\": {\"type\": \"withdraw\", \"equation\": \"-(a+b)\", \"variables\": [{\"var\": \"a\", \"value\": \"customer_amount\"}, {\"var\": \"b\", \"value\": \"company_fee\"}]}}}'),
(35,	'Testing MB',	2,	50230.2000000000,	'SKRILL',	1,	37,	'2017-05-24 12:04:21',	37,	'2018-04-27 15:08:00',	'[]',	'{\"url\": \"testasianconnect.com\", \"bank\": {\"name\": \"\", \"holder\": \"\", \"account\": \"\"}, \"config\": {\"bankName\": null, \"bankHolder\": null, \"bankAccount\": null}, \"details\": \"test\", \"methods\": {\"deposit\": {\"type\": \"deposit\", \"equation\": \"+(a-b)\", \"variables\": [{\"var\": \"a\", \"value\": \"total_amount\"}, {\"var\": \"b\", \"value\": \"company_fee\"}]}, \"withdraw\": {\"type\": \"withdraw\", \"equation\": \"-(a+b)\", \"variables\": [{\"var\": \"a\", \"value\": \"total_amount\"}, {\"var\": \"b\", \"value\": \"company_fee\"}]}}}'),
(36,	'Paysera',	1,	0.0000000000,	'BANK',	1,	5,	'2017-05-27 01:10:28',	NULL,	'2017-06-03 01:04:01',	'[]',	'{\"url\": \"https://bank.paysera.com/en/login\", \"bank\": {\"name\": \"\", \"holder\": \"\", \"account\": \"\"}, \"details\": \"zm@asianconnect88.com\", \"methods\": {\"deposit\": {\"type\": \"deposit\", \"equation\": \"+(a-b)\", \"variables\": [{\"var\": \"a\", \"value\": \"total_amount\"}, {\"var\": \"b\", \"value\": \"company_fee\"}]}, \"withdraw\": {\"type\": \"withdraw\", \"equation\": \"-(a+b)\", \"variables\": [{\"var\": \"a\", \"value\": \"customer_amount\"}, {\"var\": \"b\", \"value\": \"company_fee\"}]}}}'),
(37,	'Testing ECO',	1,	1576.0200000000,	'BANK',	1,	37,	'2017-05-30 16:14:43',	37,	'2018-02-12 17:40:49',	'[]',	'{\"url\": \"test\", \"bank\": {\"name\": \"\", \"holder\": \"\", \"account\": \"\"}, \"config\": {\"bankName\": null, \"bankHolder\": null, \"merchantId\": null, \"bankAccount\": null, \"merchantPassword\": null, \"merchantAccountNumber\": null}, \"details\": \"test111\", \"methods\": {\"deposit\": {\"type\": \"deposit\", \"equation\": \"+(a-b)\", \"variables\": [{\"var\": \"a\", \"value\": \"total_amount\"}, {\"var\": \"b\", \"value\": \"company_fee\"}]}, \"withdraw\": {\"type\": \"withdraw\", \"equation\": \"-(a+b)\", \"variables\": [{\"var\": \"a\", \"value\": \"total_amount\"}, {\"var\": \"b\", \"value\": \"company_fee\"}]}}}'),
(38,	'Testing ECO',	2,	-2824.9900000000,	'BANK',	1,	37,	'2017-06-20 13:39:32',	37,	'2018-01-09 15:39:16',	'[]',	'{\"url\": \"rdtfhgjk\", \"bank\": {\"name\": \"\", \"holder\": \"\", \"account\": \"\"}, \"config\": {\"bankName\": null, \"bankHolder\": null, \"merchantId\": null, \"bankAccount\": null, \"merchantPassword\": null, \"merchantAccountNumber\": null}, \"details\": \"ghjnkml\", \"methods\": {\"deposit\": {\"type\": \"deposit\", \"equation\": \"+(a-b)\", \"variables\": [{\"var\": \"a\", \"value\": \"total_amount\"}, {\"var\": \"b\", \"value\": \"company_fee\"}]}, \"withdraw\": {\"type\": \"withdraw\", \"equation\": \"-(a+b)\", \"variables\": [{\"var\": \"a\", \"value\": \"total_amount\"}, {\"var\": \"b\", \"value\": \"company_fee\"}]}}}'),
(39,	'Testing Gateway2',	2,	840.0000000000,	'SKRILL',	1,	4,	'2017-06-20 13:42:48',	37,	'2018-02-02 18:15:22',	'[]',	'{\"url\": \"testinggateway2@test.com\", \"bank\": {\"name\": \"\", \"holder\": \"\", \"account\": \"\"}, \"details\": null, \"methods\": {\"deposit\": {\"type\": \"deposit\", \"equation\": \"+(a-b)\", \"variables\": [{\"var\": \"a\", \"value\": \"total_amount\"}, {\"var\": \"b\", \"value\": \"customer_fee\"}]}, \"withdraw\": {\"type\": \"withdraw\", \"equation\": \"-(a-b)\", \"variables\": [{\"var\": \"a\", \"value\": \"total_amount\"}, {\"var\": \"b\", \"value\": \"company_fee\"}]}}}'),
(40,	'MB-Turkish 2',	1,	-12117.4900000000,	'SKRILL',	1,	11,	'2017-07-01 10:10:35',	19,	'2018-04-30 18:40:46',	'[]',	'{\"url\": \"https://account.skrill.com/dashboard#\", \"bank\": {\"name\": \"\", \"holder\": \"\", \"account\": \"\"}, \"details\": null, \"methods\": {\"deposit\": {\"type\": \"deposit\", \"equation\": \"+(a-b)\", \"variables\": [{\"var\": \"a\", \"value\": \"total_amount\"}, {\"var\": \"b\", \"value\": \"company_fee\"}]}, \"withdraw\": {\"type\": \"withdraw\", \"equation\": \"-(a+b)\", \"variables\": [{\"var\": \"a\", \"value\": \"customer_amount\"}, {\"var\": \"b\", \"value\": \"company_fee\"}]}}}'),
(41,	'MB-Spare',	1,	557951.7500000000,	'SKRILL',	1,	5,	'2017-07-04 22:35:32',	12,	'2018-05-12 03:39:39',	'[]',	'{\"url\": \"https://www.skrill.com/en/\", \"bank\": {\"name\": \"\", \"holder\": \"\", \"account\": \"\"}, \"details\": \"spare@gmail.com\", \"methods\": {\"deposit\": {\"type\": \"deposit\", \"equation\": \"+(a-b)\", \"variables\": [{\"var\": \"a\", \"value\": \"total_amount\"}, {\"var\": \"b\", \"value\": \"company_fee\"}]}, \"withdraw\": {\"type\": \"withdraw\", \"equation\": \"-(a+b)\", \"variables\": [{\"var\": \"a\", \"value\": \"customer_amount\"}, {\"var\": \"b\", \"value\": \"company_fee\"}]}}}'),
(42,	'MB-Spare',	2,	-497155.6200000000,	'SKRILL',	1,	5,	'2017-07-12 22:52:52',	21723,	'2018-05-09 00:39:41',	'[]',	'{\"url\": \"https://www.skrill.com/en/\", \"bank\": {\"name\": \"\", \"holder\": \"\", \"account\": \"\"}, \"details\": \"spare@gmail.com\", \"methods\": {\"deposit\": {\"type\": \"deposit\", \"equation\": \"+(a-b)\", \"variables\": [{\"var\": \"a\", \"value\": \"total_amount\"}, {\"var\": \"b\", \"value\": \"company_fee\"}]}, \"withdraw\": {\"type\": \"withdraw\", \"equation\": \"-(a+b)\", \"variables\": [{\"var\": \"a\", \"value\": \"customer_amount\"}, {\"var\": \"b\", \"value\": \"company_fee\"}]}}}'),
(43,	'EUR Exchange',	1,	87356.5200000000,	'BANK',	0,	10,	'2017-07-27 16:05:28',	17,	'2018-02-08 14:34:04',	'[]',	'{\"url\": \"www.asianconnect88.com\", \"bank\": {\"name\": \"\", \"holder\": \"\", \"account\": \"\"}, \"details\": null, \"methods\": {\"deposit\": {\"type\": \"deposit\", \"equation\": \"+(a-b)\", \"variables\": [{\"var\": \"a\", \"value\": \"total_amount\"}, {\"var\": \"b\", \"value\": \"company_fee\"}]}, \"withdraw\": {\"type\": \"withdraw\", \"equation\": \"-(a-b)\", \"variables\": [{\"var\": \"a\", \"value\": \"total_amount\"}, {\"var\": \"b\", \"value\": \"company_fee\"}]}}}'),
(44,	'GBP Exhange',	2,	-346976.4900000000,	'BANK',	0,	10,	'2017-07-27 16:06:07',	17,	'2018-04-05 14:20:07',	'[]',	'{\"url\": \"www.asianconnect88.com\", \"bank\": {\"name\": \"\", \"holder\": \"\", \"account\": \"\"}, \"details\": null, \"methods\": {\"deposit\": {\"type\": \"deposit\", \"equation\": \"+(a-b)\", \"variables\": [{\"var\": \"a\", \"value\": \"total_amount\"}, {\"var\": \"b\", \"value\": \"company_fee\"}]}, \"withdraw\": {\"type\": \"withdraw\", \"equation\": \"-(a-b)\", \"variables\": [{\"var\": \"a\", \"value\": \"total_amount\"}, {\"var\": \"b\", \"value\": \"company_fee\"}]}}}'),
(45,	'SataBank',	1,	633049.4900000000,	'BANK',	0,	11,	'2017-08-23 18:56:11',	19,	'2018-05-11 18:24:49',	'[]',	'{\"url\": \"https://sata.direct\", \"bank\": {\"name\": \"\", \"holder\": \"\", \"account\": \"\"}, \"details\": null, \"methods\": {\"deposit\": {\"type\": \"deposit\", \"equation\": \"+(a-b)\", \"variables\": [{\"var\": \"a\", \"value\": \"total_amount\"}, {\"var\": \"b\", \"value\": \"company_fee\"}]}, \"withdraw\": {\"type\": \"withdraw\", \"equation\": \"-(a+b)\", \"variables\": [{\"var\": \"a\", \"value\": \"customer_amount\"}, {\"var\": \"b\", \"value\": \"company_fee\"}]}}}'),
(46,	'SataBank',	2,	83904.7400000000,	'BANK',	0,	11,	'2017-08-25 20:41:38',	17,	'2018-04-19 11:56:58',	'[]',	'{\"url\": \"https://sata.direct/en/login\", \"bank\": {\"name\": \"\", \"holder\": \"\", \"account\": \"\"}, \"details\": null, \"methods\": {\"deposit\": {\"type\": \"deposit\", \"equation\": \"+(a-b)\", \"variables\": [{\"var\": \"a\", \"value\": \"total_amount\"}, {\"var\": \"b\", \"value\": \"company_fee\"}]}, \"withdraw\": {\"type\": \"withdraw\", \"equation\": \"-(a+b)\", \"variables\": [{\"var\": \"a\", \"value\": \"customer_amount\"}, {\"var\": \"b\", \"value\": \"company_fee\"}]}}}'),
(47,	'worldcore2',	1,	0.0000000000,	'BANK',	0,	11,	'2017-08-25 20:42:09',	NULL,	'2017-09-05 00:43:03',	'[]',	'{\"url\": \"https://worldcore.eu/\", \"bank\": {\"name\": \"\", \"holder\": \"\", \"account\": \"\"}, \"details\": null, \"methods\": {\"deposit\": {\"type\": \"deposit\", \"equation\": \"+(a-b)\", \"variables\": [{\"var\": \"a\", \"value\": \"total_amount\"}, {\"var\": \"b\", \"value\": \"company_fee\"}]}, \"withdraw\": {\"type\": \"withdraw\", \"equation\": \"-(a-b)\", \"variables\": [{\"var\": \"a\", \"value\": \"total_amount\"}, {\"var\": \"b\", \"value\": \"company_fee\"}]}}}'),
(48,	'Worldcore',	1,	134822.4100000000,	'BANK',	0,	5,	'2017-09-04 22:01:43',	18401,	'2018-05-12 11:28:54',	'[]',	'{\"url\": \"https://worldcore.eu/\", \"bank\": {\"name\": \"\", \"holder\": \"\", \"account\": \"\"}, \"details\": \"LV52BLIB1029020953001\", \"methods\": {\"deposit\": {\"type\": \"deposit\", \"equation\": \"+(a-b)\", \"variables\": [{\"var\": \"a\", \"value\": \"total_amount\"}, {\"var\": \"b\", \"value\": \"company_fee\"}]}, \"withdraw\": {\"type\": \"withdraw\", \"equation\": \"-(a+b)\", \"variables\": [{\"var\": \"a\", \"value\": \"customer_amount\"}, {\"var\": \"b\", \"value\": \"company_fee\"}]}}}'),
(49,	'Worldcore',	2,	211734.7900000000,	'BANK',	0,	5,	'2017-09-04 22:02:19',	17524,	'2018-05-10 23:09:25',	'[]',	'{\"url\": \"https://worldcore.eu/\", \"bank\": {\"name\": \"\", \"holder\": \"\", \"account\": \"\"}, \"details\": \"LV25BLIB1029020953002\", \"methods\": {\"deposit\": {\"type\": \"deposit\", \"equation\": \"+(a-b)\", \"variables\": [{\"var\": \"a\", \"value\": \"total_amount\"}, {\"var\": \"b\", \"value\": \"company_fee\"}]}, \"withdraw\": {\"type\": \"withdraw\", \"equation\": \"-(a+b)\", \"variables\": [{\"var\": \"a\", \"value\": \"customer_amount\"}, {\"var\": \"b\", \"value\": \"company_fee\"}]}}}'),
(50,	'MoneyNET',	1,	2733.0000000000,	'BANK',	1,	5,	'2018-03-23 13:29:49',	21723,	'2018-04-26 18:33:29',	'[]',	'{\"config\": {\"bankName\": null, \"bankHolder\": null, \"bankAccount\": null}, \"methods\": {\"deposit\": {\"type\": \"deposit\", \"equation\": \"+(a-b)\", \"variables\": [{\"var\": \"a\", \"value\": \"total_amount\"}, {\"var\": \"b\", \"value\": \"company_fee\"}]}, \"withdraw\": {\"type\": \"withdraw\", \"equation\": \"-(a+b)\", \"variables\": [{\"var\": \"a\", \"value\": \"customer_amount\"}, {\"var\": \"b\", \"value\": \"company_fee\"}]}}}');

INSERT INTO `customer_group_gateway` (`cgg_gateway_id`, `cgg_customer_group_id`, `cgg_conditions`, `cgg_created_by`, `cgg_created_at`, `cgg_updated_by`, `cgg_updated_at`) VALUES
(1,	1,	'( customer.currency == \"EUR\" and transaction.payment_option == \"NETELLER\") or (customer.currency == \"EUR\" and transaction.type == \"bonus\")',	1,	NOW(),	1,	NOW()),
(2,	1,	'( customer.currency == \"EUR\" and transaction.payment_option == \"NETELLER\") or (customer.currency == \"EUR\" and transaction.type == \"bonus\")',	1,	NOW(),	1,	NOW()),
(3,	1,	'( customer.currency == \"EUR\" and transaction.payment_option == \"NETELLER\") or (customer.currency == \"EUR\" and transaction.type == \"bonus\")',	1,	NOW(),	1,	NOW()),
(4,	1,	'( customer.currency == \"GBP\" and transaction.payment_option == \"NETELLER\") or (customer.currency == \"GBP\" and transaction.type == \"bonus\")',	1,	NOW(),	1,	NOW()),
(5,	1,	'( customer.currency == \"EUR\" and transaction.payment_option == \"SKRILL\") or (customer.currency == \"EUR\" and transaction.type == \"bonus\")',	1,  NOW(),	1,	NOW()),
(6,	1,	'( customer.currency == \"GBP\" and transaction.payment_option == \"NETELLER\") or (customer.currency == \"GBP\" and transaction.type == \"bonus\")',	1,	NOW(),	1,	NOW()),
(7,	1,	'( customer.currency == \"EUR\" and transaction.payment_option == \"SKRILL\") or (customer.currency == \"EUR\" and transaction.type == \"bonus\")',	1,	NOW(),	1,	NOW()),
(8,	1,	'( customer.currency == \"EUR\" and transaction.payment_option == \"SKRILL\") or (customer.currency == \"EUR\" and transaction.type == \"bonus\")',	1,	NOW(),	1,	NOW()),
(9,	1,	'( customer.currency == \"EUR\" and transaction.payment_option == \"SKRILL\") or (customer.currency == \"EUR\" and transaction.type == \"bonus\")',	1,	NOW(),	1,	NOW()),
(10,	1,	'( customer.currency == \"EUR\" and transaction.payment_option == \"BANK\") or (customer.currency == \"EUR\" and transaction.type == \"bonus\")',	1,	NOW(),	1,	NOW()),
(11,	1,	'( customer.currency == \"EUR\" and transaction.payment_option == \"BANK\") or (customer.currency == \"EUR\" and transaction.type == \"bonus\")',	1,	NOW(),	1,	NOW()),
(12,	1,	'( customer.currency == \"EUR\" and transaction.payment_option == \"ECOPAYZ\") or (customer.currency == \"EUR\" and transaction.type == \"bonus\")',	1,	NOW(),	1,	NOW()),
(13,	1,	'( customer.currency == \"EUR\" and transaction.payment_option == \"SKRILL\") or (customer.currency == \"EUR\" and transaction.type == \"bonus\")',	1,	NOW(),	1,	NOW()),
(14,	1,	'( customer.currency == \"EUR\" and transaction.payment_option == \"SKRILL\") or (customer.currency == \"EUR\" and transaction.type == \"bonus\")',	1,	NOW(),	1,	NOW()),
(15,	1,	'( customer.currency == \"GBP\" and transaction.payment_option == \"SKRILL\") or (customer.currency == \"GBP\" and transaction.type == \"bonus\")',	1,	NOW(),	1,	NOW()),
(16,	1,	'( customer.currency == \"GBP\" and transaction.payment_option == \"SKRILL\") or (customer.currency == \"GBP\" and transaction.type == \"bonus\")',	1,	NOW(),	1,	NOW()),
(17,	1,	'( customer.currency == \"GBP\" and transaction.payment_option == \"SKRILL\") or (customer.currency == \"GBP\" and transaction.type == \"bonus\")',	1,	NOW(),	1,	NOW()),
(18,	1,	'( customer.currency == \"GBP\" and transaction.payment_option == \"SKRILL\") or (customer.currency == \"GBP\" and transaction.type == \"bonus\")',	1,	NOW(),	1,	NOW()),
(19,	1,	'( customer.currency == \"GBP\" and transaction.payment_option == \"BANK\") or (customer.currency == \"GBP\" and transaction.type == \"bonus\")',	1,	NOW(),	1,	NOW()),
(20,	1,	'( customer.currency == \"GBP\" and transaction.payment_option == \"BANK\") or (customer.currency == \"GBP\" and transaction.type == \"bonus\")',	1,	NOW(),	1,	NOW()),
(21,	1,	'( customer.currency == \"GBP\" and transaction.payment_option == \"ECOPAYZ\") or (customer.currency == \"GBP\" and transaction.type == \"bonus\")',	1,	NOW(),	1,	NOW()),
(25,	1,	'( customer.currency == \"EUR\" and transaction.payment_option == \"BANK\") or (customer.currency == \"EUR\" and transaction.type == \"bonus\")',	1,	NOW(),	1,	NOW()),
(26,	1,	'( customer.currency == \"GBP\" and transaction.payment_option == \"BANK\") or (customer.currency == \"GBP\" and transaction.type == \"bonus\")',	1,	NOW(),	1,	NOW()),
(27,	1,	'( customer.currency == \"GBP\" and transaction.payment_option == \"SKRILL\") or (customer.currency == \"GBP\" and transaction.type == \"bonus\")',	1,	NOW(),	1,	NOW()),
(28,	1,	'( customer.currency == \"EUR\" and transaction.payment_option == \"BITCOIN\") or (customer.currency == \"EUR\" and transaction.type == \"bonus\")',	1,	NOW(),	1,	NOW()),
(31,	1,	'( customer.currency == \"GBP\" and transaction.payment_option == \"NETELLER\") or (customer.currency == \"GBP\" and transaction.type == \"bonus\")',	1,	NOW(),	1,	NOW()),
(33,	1,	'( customer.currency == \"EUR\" and transaction.payment_option == \"NETELLER\") or (customer.currency == \"EUR\" and transaction.type == \"bonus\")',	1,	NOW(),	1,	NOW()),
(34,	1,	'( customer.currency == \"GBP\" and transaction.payment_option == \"NETELLER\") or (customer.currency == \"GBP\" and transaction.type == \"bonus\")',	1,	NOW(),	1,	NOW()),
(36,	1,	'( customer.currency == \"EUR\" and transaction.payment_option == \"BANK\") or (customer.currency == \"EUR\" and transaction.type == \"bonus\")',	1,	NOW(),	1,	NOW()),
(40,	1,	'( customer.currency == \"EUR\" and transaction.payment_option == \"SKRILL\") or (customer.currency == \"EUR\" and transaction.type == \"bonus\")',	1,	NOW(),	1,	NOW()),
(41,	1,	'( customer.currency == \"EUR\" and transaction.payment_option == \"SKRILL\") or (customer.currency == \"EUR\" and transaction.type == \"bonus\")',	1,	NOW(),	1,	NOW()),
(42,	1,	'( customer.currency == \"GBP\" and transaction.payment_option == \"SKRILL\") or (customer.currency == \"GBP\" and transaction.type == \"bonus\")',	1,	NOW(),	1,	NOW()),
(43,	1,	'( customer.currency == \"EUR\" and transaction.payment_option == \"BANK\") or (customer.currency == \"EUR\" and transaction.type == \"bonus\")',	1,	NOW(),	1,	NOW()),
(44,	1,	'( customer.currency == \"GBP\" and transaction.payment_option == \"BANK\") or (customer.currency == \"GBP\" and transaction.type == \"bonus\")',	1,	NOW(),	1,	NOW()),
(45,	1,	'( customer.currency == \"EUR\" and transaction.payment_option == \"BANK\") or (customer.currency == \"EUR\" and transaction.type == \"bonus\")',	1,	NOW(),	1,	NOW()),
(46,	1,	'( customer.currency == \"GBP\" and transaction.payment_option == \"BANK\") or (customer.currency == \"GBP\" and transaction.type == \"bonus\")',	1,	NOW(),	1,	NOW()),
(48,	1,	'( customer.currency == \"EUR\" and transaction.payment_option == \"BANK\") or (customer.currency == \"EUR\" and transaction.type == \"bonus\")',	1,	NOW(),	1,	NOW()),
(49,	1,	'( customer.currency == \"GBP\" and transaction.payment_option == \"BANK\") or (customer.currency == \"GBP\" and transaction.type == \"bonus\")',	1,	NOW(),	1,	NOW()),
(50,	1,	'( customer.currency == \"EUR\" and transaction.payment_option == \"BANK\") or (customer.currency == \"EUR\" and transaction.type == \"bonus\")',	1,	NOW(),	1,	NOW());